lake,horizon_months,method,rmse,mae,nse,n_origins,min_exog_lag,requires_foresight
Kalamalka_Lake,1,SARIMA,0.0525718031351025,0.0391750146304898,0.8157986947063469,37,,False
Kalamalka_Lake,3,SARIMA,0.1290668449902719,0.1054094177308627,-0.0529082246485956,35,,False
Kalamalka_Lake,6,SARIMA,0.1830681688074647,0.1533903273843935,-0.9586699756934722,32,,False
Kalamalka_Lake,12,SARIMA,0.2288432532444862,0.2008198511955579,-3.1447717307998957,26,,False
Kalamalka_Lake,1,Persistence,0.050969480078973,0.0356996996996995,0.8268560326330494,37,,False
Kalamalka_Lake,3,Persistence,0.1055698299158911,0.0843227513227514,0.2955652463825149,35,,False
Kalamalka_Lake,6,Persistence,0.1407067812277513,0.1181405009920635,-0.1570860241234259,32,,False
Kalamalka_Lake,12,Persistence,0.1654577566352486,0.1472692307692306,-1.166699356320814,26,,False
Kalamalka_Lake,1,XGBoost_AR_only,0.0609253337862963,0.0460760581752455,0.7526096289871083,37,,False
Kalamalka_Lake,3,XGBoost_AR_only,0.1408062688919141,0.1133806614669429,-0.2531559240498828,35,,False
Kalamalka_Lake,6,XGBoost_AR_only,0.1939802290862921,0.1641876216381846,-1.1991280957886747,32,,False
Kalamalka_Lake,12,XGBoost_AR_only,0.1907123352948071,0.17182680066771,-1.878604230922944,26,,False
Kalamalka_Lake,1,SARIMAX_all_vars,0.0527418533032518,0.0416627480371046,0.8146051224518187,37,1.0,False
Kalamalka_Lake,3,SARIMAX_all_vars,0.1272339659972288,0.1077740134929401,-0.0232158518717104,35,1.0,True
Kalamalka_Lake,6,SARIMAX_all_vars,0.1795815839929005,0.1517677437695937,-0.8847735876183604,32,1.0,True
Kalamalka_Lake,12,SARIMAX_all_vars,0.2227826581380437,0.1958291954984928,-2.9281417741300197,26,1.0,True
Kalamalka_Lake,1,XGBoost_all_vars,0.0602337197237889,0.0481503186479845,0.7581944163803814,37,1.0,False
Kalamalka_Lake,3,XGBoost_all_vars,0.1176536380597855,0.0938172628326531,0.1250729334480892,35,1.0,True
Kalamalka_Lake,6,XGBoost_all_vars,0.163159669553482,0.1370447903653752,-0.5558267185226884,32,1.0,True
Kalamalka_Lake,12,XGBoost_all_vars,0.1736029596516957,0.1528144549463533,-1.3852760134298991,26,1.0,True
Kalamalka_Lake,1,SARIMAX_CCM_direct,0.0490226417946236,0.0402375138654122,0.839830293323339,37,1.0,False
Kalamalka_Lake,3,SARIMAX_CCM_direct,0.1292395374514795,0.108568734829398,-0.0557277087273226,35,1.0,True
Kalamalka_Lake,6,SARIMAX_CCM_direct,0.1893956151697653,0.1577443088362353,-1.096406181290401,32,1.0,True
Kalamalka_Lake,12,SARIMAX_CCM_direct,0.2333933096285206,0.2061631813828413,-3.3112300345052317,26,1.0,True
Kalamalka_Lake,1,XGBoost_CCM_direct,0.0561220920601559,0.0449967256899125,0.7900795922945743,37,1.0,False
Kalamalka_Lake,3,XGBoost_CCM_direct,0.1362525741865032,0.1081347510413552,-0.1734121001310804,35,1.0,True
Kalamalka_Lake,6,XGBoost_CCM_direct,0.2260655611621286,0.173109407665923,-1.9867880508167304,32,1.0,True
Kalamalka_Lake,12,XGBoost_CCM_direct,0.2591689523913513,0.216212287324951,-4.316065673678299,26,1.0,True
Kalamalka_Lake,1,SARIMAX_CCM_ancestors,0.045065306910683,0.0353980236704692,0.8646458350932844,37,1.0,False
Kalamalka_Lake,3,SARIMAX_CCM_ancestors,0.1180775179888717,0.0952775543056271,0.1187572410579754,35,1.0,True
Kalamalka_Lake,6,SARIMAX_CCM_ancestors,0.1734456874997371,0.1432949927380358,-0.7581770370995502,32,1.0,True
Kalamalka_Lake,12,SARIMAX_CCM_ancestors,0.224037507856692,0.1975187247179574,-2.9725178478391876,26,1.0,True
Kalamalka_Lake,1,XGBoost_CCM_ancestors,0.057593704363304,0.0471123065208102,0.778926349283436,37,1.0,False
Kalamalka_Lake,3,XGBoost_CCM_ancestors,0.1335204412550969,0.1065090768210722,-0.126825452195485,35,1.0,True
Kalamalka_Lake,6,XGBoost_CCM_ancestors,0.2099252705201033,0.1661676352323028,-1.5755206381871716,32,1.0,True
Kalamalka_Lake,12,XGBoost_CCM_ancestors,0.2425835999806052,0.2153863598754175,-3.657439955113529,26,1.0,True
Kalamalka_Lake,1,SARIMAX_Stepwise,0.0531795664679939,0.0416846984720125,0.8115151090738659,37,1.0,False
Kalamalka_Lake,3,SARIMAX_Stepwise,0.1269677288826588,0.1075711508002352,-0.0189381730862086,35,1.0,True
Kalamalka_Lake,6,SARIMAX_Stepwise,0.1775548145758127,0.1499687900432344,-0.8424703069725616,32,1.0,True
Kalamalka_Lake,12,SARIMAX_Stepwise,0.2190027891758566,0.1921410297151671,-2.7959779667999065,26,1.0,True
Kalamalka_Lake,1,XGBoost_Stepwise,0.0613494264247507,0.0493641098912128,0.7491535432222107,37,1.0,False
Kalamalka_Lake,3,XGBoost_Stepwise,0.1249806473459209,0.1033495995384994,0.012705608775559,35,1.0,True
Kalamalka_Lake,6,XGBoost_Stepwise,0.1845711151730918,0.1564550601897048,-0.9909624249237764,32,1.0,True
Kalamalka_Lake,12,XGBoost_Stepwise,0.2185480407007491,0.2006034715707107,-2.780230012190383,26,1.0,True
Kalamalka_Lake,1,XGBoost_CCM_neighbor,0.096709118282644,0.079071927553019,0.4491519363716325,27,1.0,False
Kalamalka_Lake,3,XGBoost_CCM_neighbor,0.185456384242812,0.1583189733345629,-0.7788740967973367,21,1.0,True
Kalamalka_Lake,6,XGBoost_CCM_neighbor,0.1583008576295391,0.1520877212632636,-0.6241153929174006,12,1.0,True
Kalamalka_Lake,12,XGBoost_CCM_neighbor,,,,0,1.0,True
Kiskitto_Lake,1,SARIMA,0.0770490739929704,0.0512571030985817,0.7581186929929784,37,,False
Kiskitto_Lake,3,SARIMA,0.1861025672982348,0.1448371309165626,-0.3938430077138399,35,,False
Kiskitto_Lake,6,SARIMA,0.260855260117349,0.2146299878427697,-1.4653972708682534,32,,False
Kiskitto_Lake,12,SARIMA,0.2191769442050296,0.1950577078894055,-3.126378236216353,26,,False
Kiskitto_Lake,1,Persistence,0.0802382938401293,0.0514142013342653,0.7372963457686039,25,,False
Kiskitto_Lake,3,Persistence,0.1887272211410947,0.1472848072029919,-0.4571997492665454,25,,False
Kiskitto_Lake,6,Persistence,0.2569681143301044,0.2121096587034446,-1.3924682818385907,25,,False
Kiskitto_Lake,12,Persistence,0.2190112396132245,0.1968461538461514,-3.1201412540201554,25,,False
Kiskitto_Lake,1,XGBoost_AR_only,0.087714923511572,0.0614180247641016,0.6865166800363462,32,,False
Kiskitto_Lake,3,XGBoost_AR_only,0.1738857122052308,0.1323464755105913,-0.2168496712822241,32,,False
Kiskitto_Lake,6,XGBoost_AR_only,0.2559533778198832,0.1918286197390722,-1.3736104439856658,32,,False
Kiskitto_Lake,12,XGBoost_AR_only,0.2662723029362729,0.220089239665253,-5.09019625319226,26,,False
Kiskitto_Lake,1,XGBoost_all_vars,0.1167944544172109,0.0915244746623547,0.4442084955180938,32,1.0,False
Kiskitto_Lake,3,XGBoost_all_vars,0.2498652830103334,0.20204265672659,-1.5125861910343228,30,1.0,True
Kiskitto_Lake,6,XGBoost_all_vars,0.36182341904911,0.3225070324896146,-3.7433050957606904,27,1.0,True
Kiskitto_Lake,12,XGBoost_all_vars,0.4473955094472686,0.3732805778067136,-16.193430615076217,21,1.0,True
Kiskitto_Lake,1,SARIMAX_CCM_direct,0.072549163735243,0.0478552779230462,0.785546923445852,37,1.0,False
Kiskitto_Lake,3,SARIMAX_CCM_direct,0.1803834801088124,0.141813886611502,-0.3094914135249615,35,1.0,True
Kiskitto_Lake,6,SARIMAX_CCM_direct,0.2565458751780152,0.2124624112275367,-1.3846123357615443,32,1.0,True
Kiskitto_Lake,12,SARIMAX_CCM_direct,0.2124192849019076,0.193030616862994,-2.875851989000737,26,1.0,True
Kiskitto_Lake,1,XGBoost_CCM_direct,0.0688665202983444,0.0531797879459266,0.8067659135114904,32,1.0,False
Kiskitto_Lake,3,XGBoost_CCM_direct,0.1217524207718883,0.0923328645179592,0.4034259723757744,32,1.0,True
Kiskitto_Lake,6,XGBoost_CCM_direct,0.138178882805314,0.1010042171175933,0.308215116744528,32,1.0,True
Kiskitto_Lake,12,XGBoost_CCM_direct,0.1112118856006117,0.0978505446168841,-0.0623844552106562,26,1.0,True
Kiskitto_Lake,1,SARIMAX_CCM_ancestors,0.072549163735243,0.0478552779230462,0.785546923445852,37,1.0,False
Kiskitto_Lake,3,SARIMAX_CCM_ancestors,0.1803834801088124,0.141813886611502,-0.3094914135249615,35,1.0,True
Kiskitto_Lake,6,SARIMAX_CCM_ancestors,0.2565458751780152,0.2124624112275367,-1.3846123357615443,32,1.0,True
Kiskitto_Lake,12,SARIMAX_CCM_ancestors,0.2124192849019076,0.193030616862994,-2.875851989000737,26,1.0,True
Kiskitto_Lake,1,XGBoost_CCM_ancestors,0.0688665202983444,0.0531797879459266,0.8067659135114904,32,1.0,False
Kiskitto_Lake,3,XGBoost_CCM_ancestors,0.1217524207718883,0.0923328645179592,0.4034259723757744,32,1.0,True
Kiskitto_Lake,6,XGBoost_CCM_ancestors,0.138178882805314,0.1010042171175933,0.308215116744528,32,1.0,True
Kiskitto_Lake,12,XGBoost_CCM_ancestors,0.1112118856006117,0.0978505446168841,-0.0623844552106562,26,1.0,True
Kiskitto_Lake,1,XGBoost_Stepwise,0.0872785149681198,0.0602492736262192,0.689628270762008,32,1.0,False
Kiskitto_Lake,3,XGBoost_Stepwise,0.1739815689184911,0.1435954569633666,-0.2181916488267703,30,1.0,True
Kiskitto_Lake,6,XGBoost_Stepwise,0.2458682709059002,0.1986533119816562,-1.1902449498372785,27,1.0,True
Kiskitto_Lake,12,XGBoost_Stepwise,0.2314207555326814,0.1965777915065853,-3.6002762603229694,21,1.0,True
Lake_of_the_Woods,1,SARIMA,0.1565880623735014,0.0988321423226303,0.7599936865527873,37,,False
Lake_of_the_Woods,3,SARIMA,0.3416850794617764,0.235862910646122,-0.1122053321283385,35,,False
Lake_of_the_Woods,6,SARIMA,0.3910787227390607,0.2648073285055995,-0.3352009473201636,32,,False
Lake_of_the_Woods,12,SARIMA,0.1550627487805068,0.1187804416867319,-0.8245129885838858,26,,False
Lake_of_the_Woods,1,Persistence,0.1822237124690174,0.1135665227631279,0.6749762127801953,37,,False
Lake_of_the_Woods,3,Persistence,0.414581722214129,0.2836772315433645,-0.6373941942120216,35,,False
Lake_of_the_Woods,6,Persistence,0.5461872962645529,0.3794525420679715,-1.604362569656851,32,,False
Lake_of_the_Woods,12,Persistence,0.4124384773467997,0.2465288461538386,-11.90774426451595,26,,False
Lake_of_the_Woods,1,XGBoost_AR_only,0.2102926613518358,0.1153951462295871,0.5671338750909052,37,,False
Lake_of_the_Woods,3,XGBoost_AR_only,0.3471852782339724,0.2174337467018842,-0.1483004800260563,35,,False
Lake_of_the_Woods,6,XGBoost_AR_only,0.3584729083484121,0.2132841802713319,-0.1218400343018637,32,,False
Lake_of_the_Woods,12,XGBoost_AR_only,0.1175578952887692,0.0868805335375668,-0.0486621829951281,26,,False
Lake_of_the_Woods,1,XGBoost_all_vars,0.2239416361986687,0.1311495148830594,0.5577442469185754,32,1.0,False
Lake_of_the_Woods,3,XGBoost_all_vars,0.290756218039901,0.1828553073075757,0.2756468038724758,30,1.0,True
Lake_of_the_Woods,6,XGBoost_all_vars,0.2917626866564748,0.1806058353132668,0.3400243878144118,27,1.0,True
Lake_of_the_Woods,12,XGBoost_all_vars,0.113308587648877,0.0936816348467351,0.0871073602795334,21,1.0,True
Lake_of_the_Woods,1,XGBoost_CCM_direct,0.2271118633118395,0.1330970319918556,0.5451340395111737,32,1.0,False
Lake_of_the_Woods,3,XGBoost_CCM_direct,0.3507202604509404,0.2242973044813955,-0.0539355850752405,30,1.0,True
Lake_of_the_Woods,6,XGBoost_CCM_direct,0.3687991392266738,0.2402818721649366,-0.0545038898112899,27,1.0,True
Lake_of_the_Woods,12,XGBoost_CCM_direct,0.1240231904403581,0.0865172846620198,-0.0937041283061128,21,1.0,True
Lake_of_the_Woods,1,XGBoost_CCM_ancestors,0.2397008915478286,0.135270804035116,0.4933091101682439,32,1.0,False
Lake_of_the_Woods,3,XGBoost_CCM_ancestors,0.3522264390733616,0.21378699324448,-0.0630073384246197,30,1.0,True
Lake_of_the_Woods,6,XGBoost_CCM_ancestors,0.3678547091044866,0.2253787587953361,-0.0491100048364918,27,1.0,True
Lake_of_the_Woods,12,XGBoost_CCM_ancestors,0.1121651705522993,0.0787105453825726,0.1054387224728506,21,1.0,True
Lake_of_the_Woods,1,XGBoost_Stepwise,0.2154302939544454,0.1269949726459884,0.5907229945403969,32,1.0,False
Lake_of_the_Woods,3,XGBoost_Stepwise,0.2666850239270027,0.1707282684072652,0.3906180106777071,30,1.0,True
Lake_of_the_Woods,6,XGBoost_Stepwise,0.2807383609012887,0.1789160508744308,0.3889568097471679,27,1.0,True
Lake_of_the_Woods,12,XGBoost_Stepwise,0.1266632402423997,0.1053050438429641,-0.1407625112314667,21,1.0,True
Lake_of_the_Woods,1,XGBoost_CCM_neighbor,0.2379070366621253,0.1305078691110068,0.5008646001196846,32,1.0,False
Lake_of_the_Woods,3,XGBoost_CCM_neighbor,0.3120694036832274,0.1914550886573958,0.1655607184504393,30,1.0,True
Lake_of_the_Woods,6,XGBoost_CCM_neighbor,0.3212883717965007,0.1966387781205909,0.1996897043659149,27,1.0,True
Lake_of_the_Woods,12,XGBoost_CCM_neighbor,0.1195873018947058,0.0939443883626506,-0.0168670808604356,21,1.0,True
Okanagan_Lake,1,SARIMA,0.0744793228782964,0.0507189867095451,0.2144515851453587,37,,False
Okanagan_Lake,3,SARIMA,0.0889165321997011,0.0736704569241367,-0.2527462194927623,35,,False
Okanagan_Lake,6,SARIMA,0.0960564622198344,0.0778788301452984,-0.4376545393209308,32,,False
Okanagan_Lake,12,SARIMA,0.0973554308361873,0.0827511129889896,-1.5276689446925076,26,,False
Okanagan_Lake,1,Persistence,0.0781663935290559,0.0590483697983697,0.1347498826588949,37,,False
Okanagan_Lake,3,Persistence,0.1106261966083951,0.0950651927437641,-0.939161724190622,35,,False
Okanagan_Lake,6,Persistence,0.1414516074974662,0.106805183531746,-2.117576647060285,32,,False
Okanagan_Lake,12,Persistence,0.1305077362870463,0.1044230769230768,-3.5422636637454925,26,,False
Okanagan_Lake,1,XGBoost_AR_only,0.0804181736070717,0.0543041813292725,0.084180411615671,37,,False
Okanagan_Lake,3,XGBoost_AR_only,0.0978554598540148,0.0790029132482601,-0.5172885900190027,35,,False
Okanagan_Lake,6,XGBoost_AR_only,0.1198073704435846,0.0966924529322071,-1.2364976060870196,32,,False
Okanagan_Lake,12,XGBoost_AR_only,0.0987389689686358,0.0714493839443525,-1.6000218793662726,26,,False
Okanagan_Lake,1,SARIMAX_all_vars,0.0665180751924315,0.0429378706135675,0.3734137436612988,37,1.0,False
Okanagan_Lake,3,SARIMAX_all_vars,0.0822406482966496,0.0666456747531154,-0.0716947864136259,35,1.0,True
Okanagan_Lake,6,SARIMAX_all_vars,0.0788306188650279,0.0647298971513232,0.0317416807100217,32,1.0,True
Okanagan_Lake,12,SARIMAX_all_vars,0.0701992797429904,0.0588854159999961,-0.3142111243257335,26,1.0,True
Okanagan_Lake,1,XGBoost_all_vars,0.0774336407102665,0.0485500940334951,0.1508960222672711,37,1.0,False
Okanagan_Lake,3,XGBoost_all_vars,0.0837482042499193,0.0577944828148838,-0.1113454472981592,35,1.0,True
Okanagan_Lake,6,XGBoost_all_vars,0.0828671181094395,0.0573639970140208,-0.0699557971604607,32,1.0,True
Okanagan_Lake,12,XGBoost_all_vars,0.0781733819150843,0.0492937168346101,-0.6297373846429652,26,1.0,True
Okanagan_Lake,1,SARIMAX_CCM_direct,0.0743017835916177,0.0491333476332757,0.2181922067005084,37,1.0,False
Okanagan_Lake,3,SARIMAX_CCM_direct,0.0963857774365878,0.0772669633153924,-0.4720547974712437,35,1.0,True
Okanagan_Lake,6,SARIMAX_CCM_direct,0.106792226660955,0.0842755229031262,-0.7769722622434156,32,1.0,True
Okanagan_Lake,12,SARIMAX_CCM_direct,0.1059876270160228,0.0893805217355094,-1.9957817036893868,26,1.0,True
Okanagan_Lake,1,XGBoost_CCM_direct,0.0796551545586025,0.0512362903325164,0.1014768176597001,37,1.0,False
Okanagan_Lake,3,XGBoost_CCM_direct,0.0962082683866357,0.0717070118799028,-0.4666377651892652,35,1.0,True
Okanagan_Lake,6,XGBoost_CCM_direct,0.120924861920209,0.0936156472188368,-1.2784136056911728,32,1.0,True
Okanagan_Lake,12,XGBoost_CCM_direct,0.0871880564676069,0.0744198289421046,-1.0272803934483532,26,1.0,True
Okanagan_Lake,1,SARIMAX_CCM_ancestors,0.0757777672359645,0.0498729070763478,0.1868229243275619,37,1.0,False
Okanagan_Lake,3,SARIMAX_CCM_ancestors,0.0976307797434492,0.0775694264747086,-0.5103290763995139,35,1.0,True
Okanagan_Lake,6,SARIMAX_CCM_ancestors,0.107319687552735,0.086636050866404,-0.7945690122427127,32,1.0,True
Okanagan_Lake,12,SARIMAX_CCM_ancestors,0.106224222824654,0.0890101021967906,-2.009171578124474,26,1.0,True
Okanagan_Lake,1,XGBoost_CCM_ancestors,0.0784824923102304,0.0539795454265553,0.1277377253737321,37,1.0,False
Okanagan_Lake,3,XGBoost_CCM_ancestors,0.1004066548708045,0.080526981799105,-0.5974345176168101,35,1.0,True
Okanagan_Lake,6,XGBoost_CCM_ancestors,0.1156432335906587,0.0959198431750121,-1.0837317957755856,32,1.0,True
Okanagan_Lake,12,XGBoost_CCM_ancestors,0.0793827607516077,0.0681693296076317,-0.6805530399782598,26,1.0,True
Okanagan_Lake,1,SARIMAX_Stepwise,0.0686211024347764,0.0440101279491013,0.3331672835784749,37,1.0,False
Okanagan_Lake,3,SARIMAX_Stepwise,0.0854841453853082,0.0700227714791402,-0.1578951001274047,35,1.0,True
Okanagan_Lake,6,SARIMAX_Stepwise,0.0892387634796109,0.0723469846637538,-0.2408190513114407,32,1.0,True
Okanagan_Lake,12,SARIMAX_Stepwise,0.0712646716542483,0.058951090452765,-0.3544045485111913,26,1.0,True
Okanagan_Lake,1,XGBoost_Stepwise,0.0763417411098984,0.0468220031494134,0.1746737876979238,37,1.0,False
Okanagan_Lake,3,XGBoost_Stepwise,0.0797323712175993,0.0570512654339493,-0.0073199326391277,35,1.0,True
Okanagan_Lake,6,XGBoost_Stepwise,0.0838817968257804,0.0612964395417737,-0.0963186819952359,32,1.0,True
Okanagan_Lake,12,XGBoost_Stepwise,0.0858761077244934,0.0536091706406174,-0.9667290415724954,26,1.0,True
Okanagan_Lake,1,XGBoost_CCM_neighbor,0.0722450205129683,0.0546106537550078,0.0610177181424511,25,1.0,False
Okanagan_Lake,3,XGBoost_CCM_neighbor,0.0865811902794502,0.0745485605671098,-0.673973028265882,19,1.0,True
Okanagan_Lake,6,XGBoost_CCM_neighbor,0.105702282434377,0.0885974352983491,-0.7616776405186787,10,1.0,True
Okanagan_Lake,12,XGBoost_CCM_neighbor,,,,0,1.0,True
Playgreen_Lake,1,SARIMA,0.1351105511649493,0.0989957603969896,0.805404159156902,37,,False
Playgreen_Lake,3,SARIMA,0.3016477974178384,0.1994667485753488,0.030036617150828,35,,False
Playgreen_Lake,6,SARIMA,0.3773516289066109,0.3145122947619862,-0.5579224160736447,32,,False
Playgreen_Lake,12,SARIMA,0.2427779618349502,0.212421658692465,-2.686542726388157,26,,False
Playgreen_Lake,1,Persistence,0.1728236587616585,0.122822332383663,0.6887221687167389,18,,False
Playgreen_Lake,3,Persistence,0.4213146121878426,0.3131445904042233,-0.6066697126883072,18,,False
Playgreen_Lake,6,Persistence,0.491712427225533,0.4506544332961779,-1.7711610825477213,18,,False
Playgreen_Lake,12,Persistence,0.5317488834026824,0.4643749999999969,-25.598929847991865,18,,False
Playgreen_Lake,1,XGBoost_AR_only,0.1579729662718396,0.1090003248278842,0.7339761536566146,32,,False
Playgreen_Lake,3,XGBoost_AR_only,0.3184130319956201,0.2052080072105818,-0.0807784856735596,32,,False
Playgreen_Lake,6,XGBoost_AR_only,0.4365160626627543,0.3372584770070394,-1.084749251567095,32,,False
Playgreen_Lake,12,XGBoost_AR_only,0.2076294339094632,0.1710580310881242,-1.6963644289344717,26,,False
Playgreen_Lake,1,XGBoost_all_vars,0.1569933715858006,0.1086257545459151,0.7372651666100649,32,1.0,False
Playgreen_Lake,3,XGBoost_all_vars,0.2980478431642699,0.2124652253671005,0.0530501289701726,30,1.0,True
Playgreen_Lake,6,XGBoost_all_vars,0.4058382832950113,0.3201559006955278,-0.8020191112873887,27,1.0,True
Playgreen_Lake,12,XGBoost_all_vars,0.1856992461469724,0.1683504076900893,-1.1568554037638807,21,1.0,True
Playgreen_Lake,1,XGBoost_CCM_direct,0.1531707652933523,0.1084925058345823,0.7499039762677367,32,1.0,False
Playgreen_Lake,3,XGBoost_CCM_direct,0.3008937641943363,0.2180736541961655,0.0348798183697194,30,1.0,True
Playgreen_Lake,6,XGBoost_CCM_direct,0.45638414728642,0.4087581405364119,-1.278843333787128,27,1.0,True
Playgreen_Lake,12,XGBoost_CCM_direct,0.4625305939804092,0.4482340697417978,-12.3807876344301,21,1.0,True
Playgreen_Lake,1,XGBoost_CCM_ancestors,0.1497570826400841,0.1079542649211428,0.7609274219703371,32,1.0,False
Playgreen_Lake,3,XGBoost_CCM_ancestors,0.2867056182365726,0.2218503775081725,0.1237512140662702,30,1.0,True
Playgreen_Lake,6,XGBoost_CCM_ancestors,0.4525280696668911,0.4103088060341918,-1.2404972447506468,27,1.0,True
Playgreen_Lake,12,XGBoost_CCM_ancestors,0.4461645836368944,0.4298544013470733,-11.45061877906272,21,1.0,True
Playgreen_Lake,1,XGBoost_Stepwise,0.1623648514636557,0.1146729054390899,0.7189788144681233,32,1.0,False
Playgreen_Lake,3,XGBoost_Stepwise,0.3043149236088474,0.226863102053517,0.0128082351103825,30,1.0,True
Playgreen_Lake,6,XGBoost_Stepwise,0.4241729448678945,0.3475583426405004,-0.9685175761270935,27,1.0,True
Playgreen_Lake,12,XGBoost_Stepwise,0.2333361767778983,0.2136705730207369,-2.405374696859845,21,1.0,True
Playgreen_Lake,1,XGBoost_CCM_neighbor,0.1730141238489127,0.125739770623241,0.6809063674100939,32,1.0,False
Playgreen_Lake,3,XGBoost_CCM_neighbor,0.310695987370984,0.2369768323072981,-0.0290259127885272,30,1.0,True
Playgreen_Lake,6,XGBoost_CCM_neighbor,0.4587460755444454,0.4155386978708349,-1.3024917994574632,27,1.0,True
Playgreen_Lake,12,XGBoost_CCM_neighbor,0.4434020161099001,0.4264255779289859,-11.296912319164957,21,1.0,True
Rainy_Lake,1,SARIMA,0.2255593036414231,0.1517008008243285,0.0665330099500526,37,,False
Rainy_Lake,3,SARIMA,0.3091202518598448,0.2432758150432281,-0.6978157457431418,35,,False
Rainy_Lake,6,SARIMA,0.3289403913137346,0.2398241905767127,-0.7621055985008138,32,,False
Rainy_Lake,12,SARIMA,0.2036092595140726,0.1702505451864354,-2.0137167687337336,26,,False
Rainy_Lake,1,Persistence,0.2111467762250895,0.1189318192648313,-0.0053863515729823,36,,False
Rainy_Lake,3,Persistence,0.3363770871200044,0.2284707894167485,-0.9530156497158202,34,,False
Rainy_Lake,6,Persistence,0.4110587189951523,0.2558122843607975,-1.7204972119691568,31,,False
Rainy_Lake,12,Persistence,0.2450168973764865,0.1240800000000103,-3.2006695496817503,25,,False
Rainy_Lake,1,XGBoost_AR_only,0.2196639379463469,0.1150217573156169,0.1146907448555778,37,,False
Rainy_Lake,3,XGBoost_AR_only,0.2547257475106998,0.1453688392223384,-0.1528726345377709,35,,False
Rainy_Lake,6,XGBoost_AR_only,0.2696054818231926,0.1537149150901842,-0.1837362796903934,32,,False
Rainy_Lake,12,XGBoost_AR_only,0.1196607821335591,0.1038251474122769,-0.0409049168684179,26,,False
Rainy_Lake,1,XGBoost_all_vars,0.2307199239503992,0.1275567044045865,0.1129668041456481,32,1.0,False
Rainy_Lake,3,XGBoost_all_vars,0.2536825068669669,0.1598230162181325,-0.0363236858979607,30,1.0,True
Rainy_Lake,6,XGBoost_all_vars,0.2689351401013982,0.1676824150794599,-0.0477773250542701,27,1.0,True
Rainy_Lake,12,XGBoost_all_vars,0.1404873139667259,0.1105046988296862,-0.3779077743289425,21,1.0,True
Rainy_Lake,1,XGBoost_CCM_direct,0.2429498508592693,0.1303915978103855,0.0164352701517147,32,1.0,False
Rainy_Lake,3,XGBoost_CCM_direct,0.2796986272539075,0.1687211177018266,-0.2597809962265056,30,1.0,True
Rainy_Lake,6,XGBoost_CCM_direct,0.3124859351403384,0.1953569187043277,-0.4146038639941829,27,1.0,True
Rainy_Lake,12,XGBoost_CCM_direct,0.1354245468523845,0.1143774078680432,-0.2803854030133039,21,1.0,True
Rainy_Lake,1,XGBoost_CCM_ancestors,0.2312124120421721,0.1316998376229944,0.1091758915474928,32,1.0,False
Rainy_Lake,3,XGBoost_CCM_ancestors,0.2787484510314241,0.1781599462721072,-0.2512362225454199,30,1.0,True
Rainy_Lake,6,XGBoost_CCM_ancestors,0.326731607910353,0.2101376639411595,-0.5465223141236588,27,1.0,True
Rainy_Lake,12,XGBoost_CCM_ancestors,0.1821340136603399,0.1380823071043172,-1.3159439719331625,21,1.0,True
Rainy_Lake,1,XGBoost_Stepwise,0.2311316858917858,0.1318235634368002,0.1097978326136585,32,1.0,False
Rainy_Lake,3,XGBoost_Stepwise,0.2521278923655229,0.1575755170875779,-0.0236610286534182,30,1.0,True
Rainy_Lake,6,XGBoost_Stepwise,0.2708893386551143,0.1784719374742018,-0.063059851367422,27,1.0,True
Rainy_Lake,12,XGBoost_Stepwise,0.1467951403728247,0.1283115608743162,-0.5044206616687934,21,1.0,True
Rainy_Lake,1,XGBoost_CCM_neighbor,0.2337853780672819,0.1355995400979428,0.0892391300403461,32,1.0,False
Rainy_Lake,3,XGBoost_CCM_neighbor,0.2743736167485365,0.1780135568631067,-0.2122692221894417,30,1.0,True
Rainy_Lake,6,XGBoost_CCM_neighbor,0.2935128845521395,0.188593152161948,-0.2480392151421508,27,1.0,True
Rainy_Lake,12,XGBoost_CCM_neighbor,0.2112547966342578,0.1539975762251353,-2.115724787531258,21,1.0,True
Sipiwesk_Lake,1,SARIMA,0.4671118404677191,0.3781983721207118,0.8781203725166482,37,,False
Sipiwesk_Lake,3,SARIMA,1.1627035322387531,0.9116364890463352,0.2273682356683404,35,,False
Sipiwesk_Lake,6,SARIMA,1.65981671881027,1.4114544616922131,-0.718572923796464,32,,False
Sipiwesk_Lake,12,SARIMA,1.2629782551642892,1.1592767111817863,-1.7386534206040154,26,,False
Sipiwesk_Lake,1,Persistence,0.5328660226209118,0.3751077529730688,0.84768683589707,25,,False
Sipiwesk_Lake,3,Persistence,1.3606179912252463,1.0070786719484028,-0.0288092678447553,25,,False
Sipiwesk_Lake,6,Persistence,2.2524055913262533,1.9070801277529057,-2.14813096165355,25,,False
Sipiwesk_Lake,12,Persistence,2.420086664055333,2.2410000000000005,-9.055580928990516,25,,False
Sipiwesk_Lake,1,XGBoost_AR_only,0.5216785513728402,0.4051410800736382,0.8479818900746865,32,,False
Sipiwesk_Lake,3,XGBoost_AR_only,1.203962969371543,0.923205118499952,0.171560431129909,32,,False
Sipiwesk_Lake,6,XGBoost_AR_only,1.8049355976275308,1.471664610375294,-1.032221849097937,32,,False
Sipiwesk_Lake,12,XGBoost_AR_only,1.2462129093180807,1.1304747729958295,-1.6664277479802858,26,,False
Sipiwesk_Lake,1,XGBoost_all_vars,0.5097018550730198,0.3794426951914905,0.8548818295275471,32,1.0,False
Sipiwesk_Lake,3,XGBoost_all_vars,0.8676112808246474,0.688126071766003,0.5697855875224047,30,1.0,True
Sipiwesk_Lake,6,XGBoost_all_vars,0.990389412081561,0.7863973700512146,0.3881292772853496,27,1.0,True
Sipiwesk_Lake,12,XGBoost_all_vars,0.6433993437595781,0.4717240369329851,0.2892668768200624,21,1.0,True
Sipiwesk_Lake,1,XGBoost_CCM_direct,0.5081931397371667,0.3939159492055921,0.8557396564058131,32,1.0,False
Sipiwesk_Lake,3,XGBoost_CCM_direct,0.8999972312615175,0.7206146156409416,0.5370682988161035,30,1.0,True
Sipiwesk_Lake,6,XGBoost_CCM_direct,1.009216591406372,0.8463795807139538,0.364644989876952,27,1.0,True
Sipiwesk_Lake,12,XGBoost_CCM_direct,0.5986662546104019,0.4374818116553828,0.3846603700014608,21,1.0,True
Sipiwesk_Lake,1,XGBoost_CCM_ancestors,0.5031690540867526,0.3813409646110036,0.8585779225431426,32,1.0,False
Sipiwesk_Lake,3,XGBoost_CCM_ancestors,0.8308760194438467,0.6665809920791901,0.6054454786932522,30,1.0,True
Sipiwesk_Lake,6,XGBoost_CCM_ancestors,0.9970368520104193,0.795731634021446,0.3798880262785757,27,1.0,True
Sipiwesk_Lake,12,XGBoost_CCM_ancestors,0.7094462974728223,0.4988162045248605,0.1358594565476345,21,1.0,True
Sipiwesk_Lake,1,XGBoost_Stepwise,0.5178026275593365,0.386763547966107,0.8502324015318021,32,1.0,False
Sipiwesk_Lake,3,XGBoost_Stepwise,0.8385674871151441,0.644871300037088,0.5981068397468949,30,1.0,True
Sipiwesk_Lake,6,XGBoost_Stepwise,0.9456621369787744,0.7322795356427096,0.4421470972256482,27,1.0,True
Sipiwesk_Lake,12,XGBoost_Stepwise,0.385305502577856,0.3052969009425663,0.7451082663468606,21,1.0,True
Sipiwesk_Lake,1,XGBoost_CCM_neighbor,0.5383675603997098,0.4215833606192968,0.8380998940908315,32,1.0,False
Sipiwesk_Lake,3,XGBoost_CCM_neighbor,0.9534944390116908,0.752276994170555,0.4803978922086899,30,1.0,True
Sipiwesk_Lake,6,XGBoost_CCM_neighbor,1.0409576462834802,0.8453029621174707,0.3240511790557937,27,1.0,True
Sipiwesk_Lake,12,XGBoost_CCM_neighbor,0.740960479212733,0.5487143711037408,0.0573826749143082,21,1.0,True
Skaha_Lake,1,SARIMA,0.0448595917252771,0.0361783055377423,0.2681931208289742,37,,False
Skaha_Lake,3,SARIMA,0.0572290533290121,0.0483292758072292,-0.1473580094935673,35,,False
Skaha_Lake,6,SARIMA,0.0627555816885893,0.0528499923445765,-0.7262191794194022,32,,False
Skaha_Lake,12,SARIMA,0.0672301061384485,0.0571423430111162,-2.348368838192566,26,,False
Skaha_Lake,1,Persistence,0.0485138234893422,0.0394517245817246,0.144112148960131,37,,False
Skaha_Lake,3,Persistence,0.060073245516177,0.0465514270597128,-0.2642356108810413,35,,False
Skaha_Lake,6,Persistence,0.0675370980305004,0.0513080770502646,-0.99929099596155,32,,False
Skaha_Lake,12,Persistence,0.0800612746108109,0.0630384615384615,-3.748437189228267,26,,False
Skaha_Lake,1,XGBoost_AR_only,0.046349432648361,0.0374454634269707,0.2187775787432622,37,,False
Skaha_Lake,3,XGBoost_AR_only,0.0514133565543836,0.0415124401335374,0.0739855924484844,35,,False
Skaha_Lake,6,XGBoost_AR_only,0.0521464196929054,0.0431755045688663,-0.1919010710593089,32,,False
Skaha_Lake,12,XGBoost_AR_only,0.0650408166143647,0.0546226466493159,-2.133846125574063,26,,False
Skaha_Lake,1,SARIMAX_all_vars,0.0442665100121465,0.03431704447629,0.2874154185342676,37,1.0,False
Skaha_Lake,3,SARIMAX_all_vars,0.0546431954276432,0.0463731572027606,-0.0460152206285529,35,1.0,True
Skaha_Lake,6,SARIMAX_all_vars,0.0566166902019805,0.0487420042869801,-0.4050124504095138,32,1.0,True
Skaha_Lake,12,SARIMAX_all_vars,0.0578847652655011,0.049501947726341,-1.4821855935093122,26,1.0,True
Skaha_Lake,1,XGBoost_all_vars,0.0426998121344838,0.0331404864089768,0.3369629718101858,37,1.0,False
Skaha_Lake,3,XGBoost_all_vars,0.0484840429516453,0.0416078928652211,0.1765002296543941,35,1.0,True
Skaha_Lake,6,XGBoost_all_vars,0.0456994372988891,0.0382900316262157,0.0845957511413715,32,1.0,True
Skaha_Lake,12,XGBoost_all_vars,0.0467692463168698,0.0399873812798907,-0.6204156926456457,26,1.0,True
Skaha_Lake,1,SARIMAX_Stepwise,0.0443128982279776,0.0354405728666695,0.285921158096849,37,1.0,False
Skaha_Lake,3,SARIMAX_Stepwise,0.0547406919440176,0.0470271373471577,-0.0497512327765841,35,1.0,True
Skaha_Lake,6,SARIMAX_Stepwise,0.0578035249806382,0.0495575937392883,-0.4645353724658598,32,1.0,True
Skaha_Lake,12,SARIMAX_Stepwise,0.0597743736604909,0.0506954212692043,-1.6468892243476962,26,1.0,True
Skaha_Lake,1,XGBoost_Stepwise,0.0470588548317174,0.0387889933789558,0.1946798545852108,37,1.0,False
Skaha_Lake,3,XGBoost_Stepwise,0.0541615753107149,0.0460157849787288,-0.0276575157076799,35,1.0,True
Skaha_Lake,6,XGBoost_Stepwise,0.0499612963828979,0.041815178276438,-0.094104026463452,32,1.0,True
Skaha_Lake,12,XGBoost_Stepwise,0.0550635218409574,0.044995756354353,-1.246123688962632,26,1.0,True
Split_Lake,1,SARIMA,0.2959240570503563,0.1663603789458899,0.8478610171320885,37,,False
Split_Lake,3,SARIMA,0.6460465843782578,0.4955541397422726,0.2639373688626872,35,,False
Split_Lake,6,SARIMA,1.0211721837233,0.8161681733966768,-0.6994839243281901,32,,False
Split_Lake,12,SARIMA,1.2554450828111452,1.0704967558008105,-4.979184448555603,26,,False
Split_Lake,1,Persistence,0.2195353314224355,0.1671890022675735,0.9111052618814232,36,,False
Split_Lake,3,Persistence,0.6098202262434567,0.4815537148037163,0.280732545604181,34,,False
Split_Lake,6,Persistence,1.041627662412028,0.8237752238502253,-0.7668369524952898,31,,False
Split_Lake,12,Persistence,1.2907610933089049,1.121160000000001,-5.244806221974818,25,,False
Split_Lake,1,XGBoost_AR_only,0.3136336648810757,0.2097959863903295,0.8291065924981061,37,,False
Split_Lake,3,XGBoost_AR_only,0.6221585929481767,0.5390025275713638,0.3173638113481761,35,,False
Split_Lake,6,XGBoost_AR_only,0.8326449272947563,0.6230042138498162,-0.1298968278545016,32,,False
Split_Lake,12,XGBoost_AR_only,0.6049603520004714,0.5544789626699808,-0.3883543850241424,26,,False
Split_Lake,1,XGBoost_all_vars,0.3116741261959594,0.2311384156143032,0.8518094693093021,32,1.0,False
Split_Lake,3,XGBoost_all_vars,0.5056137541557989,0.4195693647627649,0.6039526737353168,30,1.0,True
Split_Lake,6,XGBoost_all_vars,0.5397282012797071,0.4415799933124108,0.5874937728997962,27,1.0,True
Split_Lake,12,XGBoost_all_vars,0.444405000126463,0.3718397518852016,0.3901574027933175,21,1.0,True
Split_Lake,1,XGBoost_CCM_direct,0.2995671622733926,0.199982040020501,0.8630987659011362,32,1.0,False
Split_Lake,3,XGBoost_CCM_direct,0.4727177790416828,0.3909623638615295,0.6538110513931435,30,1.0,True
Split_Lake,6,XGBoost_CCM_direct,0.5187777162014866,0.4167360372708723,0.6188965213420023,27,1.0,True
Split_Lake,12,XGBoost_CCM_direct,0.3181728875195567,0.2615599689434805,0.687401980854931,21,1.0,True
Split_Lake,1,XGBoost_CCM_ancestors,0.2920645286802857,0.1893177092849168,0.8698702539846139,32,1.0,False
Split_Lake,3,XGBoost_CCM_ancestors,0.4917109116247201,0.3941680628503185,0.6254334262054421,30,1.0,True
Split_Lake,6,XGBoost_CCM_ancestors,0.4860877419287297,0.3745718985454982,0.6654125665193614,27,1.0,True
Split_Lake,12,XGBoost_CCM_ancestors,0.3190850701075098,0.2648863494820532,0.685607011954634,21,1.0,True
Split_Lake,1,XGBoost_Stepwise,0.3069762098730598,0.2355347617090422,0.8562432017591577,32,1.0,False
Split_Lake,3,XGBoost_Stepwise,0.4935089890128549,0.4064574790293763,0.6226890042697762,30,1.0,True
Split_Lake,6,XGBoost_Stepwise,0.4900016874011751,0.3945298318284237,0.6600027234442499,27,1.0,True
Split_Lake,12,XGBoost_Stepwise,0.3914220780671354,0.3299177039941777,0.5269026454437009,21,1.0,True
Split_Lake,1,XGBoost_CCM_neighbor,0.3289748242452371,0.2138622291190665,0.8229780131872488,26,1.0,False
Split_Lake,3,XGBoost_CCM_neighbor,0.4103427647678928,0.2738128785720597,0.5688839341963486,20,1.0,True
Split_Lake,6,XGBoost_CCM_neighbor,0.5445946594573792,0.3181956139179334,0.3467142318685339,11,1.0,True
Split_Lake,12,XGBoost_CCM_neighbor,,,,0,1.0,True
Vaseux_Lake,1,SARIMA,0.0826734325834546,0.0576479195649389,0.3723087901625206,37,,False
Vaseux_Lake,3,SARIMA,0.1087600513462717,0.0815242211172139,-0.0302787310068108,35,,False
Vaseux_Lake,6,SARIMA,0.1102974204113234,0.0850525990915455,0.0254443183587114,32,,False
Vaseux_Lake,12,SARIMA,0.0930883602658294,0.0706959199291573,-0.008377303690926,26,,False
Vaseux_Lake,1,Persistence,0.0963079379732947,0.0647725582725582,0.1481987442633173,37,,False
Vaseux_Lake,3,Persistence,0.1564966929396548,0.1260069916855631,-1.1331738717394462,35,,False
Vaseux_Lake,6,Persistence,0.1785971933458612,0.1479518435846563,-1.5552018084359132,32,,False
Vaseux_Lake,12,Persistence,0.1612835534559696,0.1070769230769231,-2.027000329357872,26,,False
Vaseux_Lake,1,XGBoost_AR_only,0.105868377706735,0.0679265953651098,-0.0293110225050297,37,,False
Vaseux_Lake,3,XGBoost_AR_only,0.1325466009083613,0.099551141684536,-0.5302173308784024,35,,False
Vaseux_Lake,6,XGBoost_AR_only,0.1362887922452619,0.1038513213558602,-0.4879770495151685,32,,False
Vaseux_Lake,12,XGBoost_AR_only,0.1192868317835825,0.0895596043886507,-0.6558359580138475,26,,False
Vaseux_Lake,1,SARIMAX_all_vars,0.0820902927001665,0.0583910417002589,0.3811324438712056,37,1.0,False
Vaseux_Lake,3,SARIMAX_all_vars,0.1036588742023838,0.0817115704821108,0.0641011747607162,35,1.0,True
Vaseux_Lake,6,SARIMAX_all_vars,0.1052132548555483,0.0814275029583767,0.1132180209139538,32,1.0,True
Vaseux_Lake,12,SARIMAX_all_vars,0.0898734996667019,0.0705659873575057,0.0600697902448622,26,1.0,True
Vaseux_Lake,1,XGBoost_all_vars,0.0901979894855898,0.0598551400171143,0.2528499640990508,37,1.0,False
Vaseux_Lake,3,XGBoost_all_vars,0.1052260035239032,0.0799634142248775,0.0355891694516987,35,1.0,True
Vaseux_Lake,6,XGBoost_all_vars,0.1096060369195746,0.0845139716953208,0.0376237496533656,32,1.0,True
Vaseux_Lake,12,XGBoost_all_vars,0.0841501104536562,0.0666524400330428,0.1759725443592901,26,1.0,True
Vaseux_Lake,1,SARIMAX_CCM_direct,0.0846163650094144,0.0581538172453915,0.3424590015950238,37,1.0,False
Vaseux_Lake,3,SARIMAX_CCM_direct,0.1139849962569377,0.0825817676352072,-0.1316478563508154,35,1.0,True
Vaseux_Lake,6,SARIMAX_CCM_direct,0.1177287178711064,0.0901939073868715,-0.1103011138904728,32,1.0,True
Vaseux_Lake,12,SARIMAX_CCM_direct,0.0924671039184995,0.0769397770229447,0.0050372703903526,26,1.0,True
Vaseux_Lake,1,XGBoost_CCM_direct,0.0930182965759896,0.0639182775381578,0.2053957722328058,37,1.0,False
Vaseux_Lake,3,XGBoost_CCM_direct,0.1283715502314026,0.0953247777340315,-0.4353357372937003,35,1.0,True
Vaseux_Lake,6,XGBoost_CCM_direct,0.1363834747606336,0.1054184069490785,-0.4900452217467932,32,1.0,True
Vaseux_Lake,12,XGBoost_CCM_direct,0.1379362983912078,0.1004909964697274,-1.2140602549455988,26,1.0,True
Vaseux_Lake,1,SARIMAX_CCM_ancestors,0.0846163650094144,0.0581538172453915,0.3424590015950238,37,1.0,False
Vaseux_Lake,3,SARIMAX_CCM_ancestors,0.1139849962569377,0.0825817676352072,-0.1316478563508154,35,1.0,True
Vaseux_Lake,6,SARIMAX_CCM_ancestors,0.1177287178711064,0.0901939073868715,-0.1103011138904728,32,1.0,True
Vaseux_Lake,12,SARIMAX_CCM_ancestors,0.0924671039184995,0.0769397770229447,0.0050372703903526,26,1.0,True
Vaseux_Lake,1,XGBoost_CCM_ancestors,0.0930182965759896,0.0639182775381578,0.2053957722328058,37,1.0,False
Vaseux_Lake,3,XGBoost_CCM_ancestors,0.1283715502314026,0.0953247777340315,-0.4353357372937003,35,1.0,True
Vaseux_Lake,6,XGBoost_CCM_ancestors,0.1363834747606336,0.1054184069490785,-0.4900452217467932,32,1.0,True
Vaseux_Lake,12,XGBoost_CCM_ancestors,0.1379362983912078,0.1004909964697274,-1.2140602549455988,26,1.0,True
Vaseux_Lake,1,SARIMAX_Stepwise,0.0820902925286022,0.0583910412175011,0.3811324464580061,37,1.0,False
Vaseux_Lake,3,SARIMAX_Stepwise,0.1036588754311187,0.0817115711167027,0.0641011525731012,35,1.0,True
Vaseux_Lake,6,SARIMAX_Stepwise,0.1052132546030504,0.0814275023849972,0.1132180251702731,32,1.0,True
Vaseux_Lake,12,SARIMAX_Stepwise,0.0898735002577242,0.0705659875497001,0.0600697778826042,26,1.0,True
Vaseux_Lake,1,XGBoost_Stepwise,0.0890766066819042,0.0586607734296877,0.2713123044149741,37,1.0,False
Vaseux_Lake,3,XGBoost_Stepwise,0.1039944478340954,0.0764051755403877,0.0580318183980845,35,1.0,True
Vaseux_Lake,6,XGBoost_Stepwise,0.112266036709593,0.0846072479096971,-0.0096543695709212,32,1.0,True
Vaseux_Lake,12,XGBoost_Stepwise,0.0832255785100968,0.0657628924028935,0.1939797614436296,26,1.0,True
Vaseux_Lake,1,SARIMAX_CCM_neighbor,0.0817938351632443,0.0568175575173834,0.3855942787850939,37,1.0,False
Vaseux_Lake,3,SARIMAX_CCM_neighbor,0.1099480083136362,0.0799789765031902,-0.05290856786706,35,1.0,True
Vaseux_Lake,6,SARIMAX_CCM_neighbor,0.116559313328552,0.0892507235531332,-0.0883533223708836,32,1.0,True
Vaseux_Lake,12,SARIMAX_CCM_neighbor,0.0926973915060353,0.0805939400866014,7.5227113964349e-05,26,1.0,True
Vaseux_Lake,1,XGBoost_CCM_neighbor,0.0923091555599959,0.0596878742900626,0.2174651940997224,37,1.0,False
Vaseux_Lake,3,XGBoost_CCM_neighbor,0.1223951715886413,0.0949851156630338,-0.3048016508143791,35,1.0,True
Vaseux_Lake,6,XGBoost_CCM_neighbor,0.1209432080567017,0.0905577022713661,-0.1717606656553241,32,1.0,True
Vaseux_Lake,12,XGBoost_CCM_neighbor,0.1040685636145447,0.077391442249037,-0.2602927040458003,26,1.0,True
