lake,method,rmse,mae,nse,pbias,n_eval,n_selected_vars,arima_order,arima_seasonal_order,min_exog_lag,n_foresight_free_months,frac_foresight_free,status
Kalamalka_Lake,SARIMA,0.1988122265286405,0.1593904864304126,-1.6343479424155665,88.1343050912868,37.0,0.0,"(1, 0, 1)","(0, 0, 0, 12)",,37.0,1.0,
Kalamalka_Lake,Persistence,0.1351858082757396,0.1087684112684112,-0.2180052537066377,-34.34545370232001,37.0,0.0,,,,37.0,1.0,
Kalamalka_Lake,XGBoost_AR_only,0.1869204157020013,0.1613359270426753,-1.3286297088631316,93.44214417599618,37.0,0.0,,,,37.0,1.0,
Kalamalka_Lake,SARIMAX_all_vars,0.190953703626454,0.1566352798002712,-1.4302062292799866,86.82123379012037,37.0,6.0,"(1, 0, 1)","(1, 0, 0, 12)",1.0,1.0,0.027027027027027,
Kalamalka_Lake,XGBoost_all_vars,0.20184990797673,0.1707371276027225,-1.715464121757441,100.50404861006264,37.0,6.0,,,1.0,1.0,0.027027027027027,
Kalamalka_Lake,SARIMAX_CCM_direct,0.2003666433229534,0.1625872230334296,-1.6757023669337832,91.4552573880814,37.0,3.0,"(2, 0, 0)","(0, 0, 0, 12)",1.0,1.0,0.027027027027027,
Kalamalka_Lake,XGBoost_CCM_direct,0.2293794165513689,0.1797501850439253,-2.5066776469775847,103.76804826182467,37.0,3.0,,,1.0,1.0,0.027027027027027,
Kalamalka_Lake,SARIMAX_CCM_ancestors,0.1993078016880289,0.1578879252725905,-1.6474974809776095,84.51623535170954,37.0,6.0,"(1, 0, 2)","(0, 0, 0, 12)",1.0,1.0,0.027027027027027,
Kalamalka_Lake,XGBoost_CCM_ancestors,0.2282995221062463,0.1879572412254492,-2.4737372224175167,106.46226722844452,37.0,6.0,,,1.0,1.0,0.027027027027027,
Kalamalka_Lake,SARIMAX_Stepwise,0.1916082424304457,0.1565828306274124,-1.4468949913911944,85.5206863017081,37.0,4.0,"(1, 0, 1)","(0, 0, 0, 12)",1.0,1.0,0.027027027027027,
Kalamalka_Lake,XGBoost_Stepwise,0.2111542946587267,0.1840511302062291,-1.9715756805699476,107.40370907663647,37.0,4.0,,,1.0,1.0,0.027027027027027,
Kalamalka_Lake,SARIMAX_CCM_neighbor,,,,,,,,,,,,ERROR: ValueError: 测试期外生变量缺口超过MAX_FILLABLE_GAP_MONTHS上限，SARIMAX无法完成整块预测
Kalamalka_Lake,XGBoost_CCM_neighbor,,,,,0.0,11.0,,,1.0,1.0,0.027027027027027,
Kiskitto_Lake,SARIMA,0.2370461801614639,0.1858078715580167,-1.2894616976133508,-80.98329716550853,24.0,0.0,"(1, 1, 0)","(0, 0, 0, 12)",,37.0,1.0,
Kiskitto_Lake,Persistence,0.2287513264921942,0.1765764923576043,-1.1320368259231008,-75.925630035151,24.0,0.0,,,,37.0,1.0,
Kiskitto_Lake,XGBoost_AR_only,0.2959297399602739,0.2356698705564781,-2.568162992314156,65.77685453654557,24.0,0.0,,,,37.0,1.0,
Kiskitto_Lake,SARIMAX_all_vars,,,,,,,,,,,,ERROR: ValueError: 测试期外生变量缺口超过MAX_FILLABLE_GAP_MONTHS上限，SARIMAX无法完成整块预测
Kiskitto_Lake,XGBoost_all_vars,0.3608443176451831,0.2653180157413762,-4.305266453096826,58.332584680194024,24.0,6.0,,,1.0,1.0,0.027027027027027,
Kiskitto_Lake,SARIMAX_CCM_direct,0.2347015925545294,0.1849642525487996,-1.2443962402545887,-81.0384215506819,24.0,1.0,"(1, 1, 0)","(0, 0, 0, 12)",1.0,1.0,0.027027027027027,
Kiskitto_Lake,XGBoost_CCM_direct,0.1254691531392048,0.0909265187718683,0.3585816312710583,-1.8060529708093571,24.0,1.0,,,1.0,1.0,0.027027027027027,
Kiskitto_Lake,SARIMAX_CCM_ancestors,0.2347015925545294,0.1849642525487996,-1.2443962402545887,-81.0384215506819,24.0,1.0,"(1, 1, 0)","(0, 0, 0, 12)",1.0,1.0,0.027027027027027,
Kiskitto_Lake,XGBoost_CCM_ancestors,0.1254691531392048,0.0909265187718683,0.3585816312710583,-1.8060529708093571,24.0,1.0,,,1.0,1.0,0.027027027027027,
Kiskitto_Lake,SARIMAX_Stepwise,,,,,,,,,,,,ERROR: ValueError: 测试期外生变量缺口超过MAX_FILLABLE_GAP_MONTHS上限，SARIMAX无法完成整块预测
Kiskitto_Lake,XGBoost_Stepwise,0.2074024944371275,0.1700878933340988,-0.7526508598657213,26.04974906332563,24.0,5.0,,,1.0,1.0,0.027027027027027,
Lake_of_the_Woods,SARIMA,0.3482860742669177,0.1978802649864503,-0.1873467998855906,357.54588604544847,37.0,0.0,"(2, 1, 3)","(0, 0, 2, 12)",,37.0,1.0,
Lake_of_the_Woods,Persistence,0.452420689021841,0.3201893898506252,-1.0035043026255868,727.9673330050963,37.0,0.0,,,,37.0,1.0,
Lake_of_the_Woods,XGBoost_AR_only,0.3251644584511456,0.1850351657834777,-0.034931260505177,300.40162646808136,37.0,0.0,,,,37.0,1.0,
Lake_of_the_Woods,SARIMAX_all_vars,,,,,,,,,,,,ERROR: ValueError: 测试期外生变量缺口超过MAX_FILLABLE_GAP_MONTHS上限，SARIMAX无法完成整块预测
Lake_of_the_Woods,XGBoost_all_vars,0.2714640075550127,0.1674652576841033,0.3501272759044337,220.22767524330027,32.0,6.0,,,1.0,1.0,0.027027027027027,
Lake_of_the_Woods,SARIMAX_CCM_direct,,,,,,,,,,,,ERROR: ValueError: 测试期外生变量缺口超过MAX_FILLABLE_GAP_MONTHS上限，SARIMAX无法完成整块预测
Lake_of_the_Woods,XGBoost_CCM_direct,0.3268379328427106,0.204807583359365,0.0579613807496229,191.77470036843417,32.0,4.0,,,1.0,1.0,0.027027027027027,
Lake_of_the_Woods,SARIMAX_CCM_ancestors,,,,,,,,,,,,ERROR: ValueError: 测试期外生变量缺口超过MAX_FILLABLE_GAP_MONTHS上限，SARIMAX无法完成整块预测
Lake_of_the_Woods,XGBoost_CCM_ancestors,0.3282441827531592,0.1846773836465693,0.0498375279076607,203.94525595080108,32.0,6.0,,,1.0,1.0,0.027027027027027,
Lake_of_the_Woods,SARIMAX_Stepwise,,,,,,,,,,,,ERROR: ValueError: 测试期外生变量缺口超过MAX_FILLABLE_GAP_MONTHS上限，SARIMAX无法完成整块预测
Lake_of_the_Woods,XGBoost_Stepwise,0.2599343823840952,0.1653592537375203,0.4041578049428721,217.83144173185596,32.0,5.0,,,1.0,1.0,0.027027027027027,
Lake_of_the_Woods,SARIMAX_CCM_neighbor,,,,,,,,,,,,ERROR: ValueError: 测试期外生变量缺口超过MAX_FILLABLE_GAP_MONTHS上限，SARIMAX无法完成整块预测
Lake_of_the_Woods,XGBoost_CCM_neighbor,0.2885843281157561,0.1749049119257328,0.2655719047444975,126.2910601118556,32.0,7.0,,,1.0,1.0,0.027027027027027,
Okanagan_Lake,SARIMA,0.0932004377501492,0.0766708861428779,-0.2300915118083353,76.23264367659017,37.0,0.0,"(1, 0, 1)","(0, 0, 0, 12)",,37.0,1.0,
Okanagan_Lake,Persistence,0.1970432013924018,0.1782259759759758,-4.498249294786799,-269.06781993698246,37.0,0.0,,,,37.0,1.0,
Okanagan_Lake,XGBoost_AR_only,0.142136730477265,0.1085958890333541,-1.86097563943446,-81.57869637207344,37.0,0.0,,,,37.0,1.0,
Okanagan_Lake,SARIMAX_all_vars,0.0677243988544736,0.0563212670631607,0.3504810372389396,28.419987834838313,37.0,6.0,"(1, 0, 2)","(0, 0, 0, 12)",1.0,1.0,0.027027027027027,
Okanagan_Lake,XGBoost_all_vars,0.0890200789246982,0.066857367666212,-0.1222186122341879,5.850832451576028,37.0,6.0,,,1.0,1.0,0.027027027027027,
Okanagan_Lake,SARIMAX_CCM_direct,0.1020195475628821,0.0827520923218733,-0.4739009666610654,70.2722312600135,37.0,2.0,"(3, 0, 0)","(0, 0, 0, 12)",1.0,1.0,0.027027027027027,
Okanagan_Lake,XGBoost_CCM_direct,0.1144856700125851,0.0859600883440678,-0.8561102864679699,7.59742687917809,37.0,2.0,,,1.0,1.0,0.027027027027027,
Okanagan_Lake,SARIMAX_CCM_ancestors,0.1014375133957582,0.0831710046794444,-0.4571313643426486,73.39810022758154,37.0,6.0,"(3, 0, 2)","(1, 0, 0, 12)",1.0,1.0,0.027027027027027,
Okanagan_Lake,XGBoost_CCM_ancestors,0.1777314263070049,0.1389699134109865,-3.473320030515085,-73.79165190249746,37.0,6.0,,,1.0,1.0,0.027027027027027,
Okanagan_Lake,SARIMAX_Stepwise,0.0756215043340145,0.0600034237946384,0.1901732049717212,5.79278915058251,37.0,5.0,"(1, 0, 3)","(1, 0, 0, 12)",1.0,1.0,0.027027027027027,
Okanagan_Lake,XGBoost_Stepwise,0.0797938457522912,0.0641917887532109,0.0983451749737889,-4.099985702402542,37.0,5.0,,,1.0,1.0,0.027027027027027,
Okanagan_Lake,SARIMAX_CCM_neighbor,,,,,,,,,,,,ERROR: ValueError: 测试期外生变量缺口超过MAX_FILLABLE_GAP_MONTHS上限，SARIMAX无法完成整块预测
Okanagan_Lake,XGBoost_CCM_neighbor,0.128209422218011,0.1182704818595654,-2.6403214982255547,-90.65674815424852,6.0,9.0,,,1.0,1.0,0.027027027027027,
Playgreen_Lake,SARIMA,0.3462118094930829,0.2608200553134553,-0.277729077256039,170.02746136828247,18.0,0.0,"(2, 0, 2)","(0, 0, 0, 12)",,37.0,1.0,
Playgreen_Lake,Persistence,,,,,0.0,0.0,,,,37.0,1.0,
Playgreen_Lake,XGBoost_AR_only,0.362285166359331,0.2478121841442515,-0.3991237449124374,373.1540038788226,18.0,0.0,,,,37.0,1.0,
Playgreen_Lake,SARIMAX_all_vars,,,,,,,,,,,,ERROR: ValueError: 测试期外生变量缺口超过MAX_FILLABLE_GAP_MONTHS上限，SARIMAX无法完成整块预测
Playgreen_Lake,XGBoost_all_vars,0.3827973980137451,0.2821473001822075,-0.5620429699666687,491.75887288795343,18.0,6.0,,,1.0,1.0,0.027027027027027,
Playgreen_Lake,SARIMAX_CCM_direct,,,,,,,,,,,,ERROR: ValueError: 测试期外生变量缺口超过MAX_FILLABLE_GAP_MONTHS上限，SARIMAX无法完成整块预测
Playgreen_Lake,XGBoost_CCM_direct,0.5140444834577323,0.4651199836911451,-1.816802698356006,969.861191089742,18.0,3.0,,,1.0,1.0,0.027027027027027,
Playgreen_Lake,SARIMAX_CCM_ancestors,,,,,,,,,,,,ERROR: ValueError: 测试期外生变量缺口超过MAX_FILLABLE_GAP_MONTHS上限，SARIMAX无法完成整块预测
Playgreen_Lake,XGBoost_CCM_ancestors,0.4915710838801287,0.4438145468018146,-1.5758921679087732,925.4354146821332,18.0,6.0,,,1.0,1.0,0.027027027027027,
Playgreen_Lake,SARIMAX_Stepwise,,,,,,,,,,,,ERROR: ValueError: 测试期外生变量缺口超过MAX_FILLABLE_GAP_MONTHS上限，SARIMAX无法完成整块预测
Playgreen_Lake,XGBoost_Stepwise,0.3826318018421622,0.2718693415953955,-0.5606917988890951,449.816038944137,18.0,4.0,,,1.0,1.0,0.027027027027027,
Playgreen_Lake,SARIMAX_CCM_neighbor,,,,,,,,,,,,ERROR: ValueError: 测试期外生变量缺口超过MAX_FILLABLE_GAP_MONTHS上限，SARIMAX无法完成整块预测
Playgreen_Lake,XGBoost_CCM_neighbor,0.4905526559689426,0.4429421500412979,-1.565229852524502,923.6163060845128,18.0,8.0,,,1.0,1.0,0.027027027027027,
Rainy_Lake,SARIMA,0.2470115251011693,0.1572250217341381,-0.119468579638982,-15.498508296789684,36.0,0.0,"(2, 1, 2)","(1, 0, 2, 12)",,37.0,1.0,
Rainy_Lake,Persistence,0.3044905587954211,0.2026228744691296,-0.7010815601972449,187.03206770586775,36.0,0.0,,,,37.0,1.0,
Rainy_Lake,XGBoost_AR_only,0.2567160054613878,0.1493219335663032,-0.2091588735495591,117.9317719049065,36.0,0.0,,,,37.0,1.0,
Rainy_Lake,SARIMAX_all_vars,,,,,,,,,,,,ERROR: ValueError: 测试期外生变量缺口超过MAX_FILLABLE_GAP_MONTHS上限，SARIMAX无法完成整块预测
Rainy_Lake,XGBoost_all_vars,0.2452297622245061,0.1470185872165588,-0.0021114566837479,49.75240158710471,31.0,6.0,,,1.0,1.0,0.027027027027027,
Rainy_Lake,SARIMAX_CCM_direct,,,,,,,,,,,,ERROR: ValueError: 测试期外生变量缺口超过MAX_FILLABLE_GAP_MONTHS上限，SARIMAX无法完成整块预测
Rainy_Lake,XGBoost_CCM_direct,0.2696256698699505,0.1553543686557334,-0.2114127697786123,94.96822684503516,31.0,1.0,,,1.0,1.0,0.027027027027027,
Rainy_Lake,SARIMAX_CCM_ancestors,,,,,,,,,,,,ERROR: ValueError: 测试期外生变量缺口超过MAX_FILLABLE_GAP_MONTHS上限，SARIMAX无法完成整块预测
Rainy_Lake,XGBoost_CCM_ancestors,0.3200154958850394,0.2026765285034659,-0.7065212079929513,144.0820852561827,31.0,6.0,,,1.0,1.0,0.027027027027027,
Rainy_Lake,SARIMAX_Stepwise,,,,,,,,,,,,ERROR: ValueError: 测试期外生变量缺口超过MAX_FILLABLE_GAP_MONTHS上限，SARIMAX无法完成整块预测
Rainy_Lake,XGBoost_Stepwise,0.2463203186253608,0.1535713538871072,-0.0110442148402565,31.5970612065792,31.0,4.0,,,1.0,1.0,0.027027027027027,
Rainy_Lake,SARIMAX_CCM_neighbor,,,,,,,,,,,,ERROR: ValueError: 测试期外生变量缺口超过MAX_FILLABLE_GAP_MONTHS上限，SARIMAX无法完成整块预测
Rainy_Lake,XGBoost_CCM_neighbor,0.294220501225466,0.1844777930097199,-0.4424990478404571,126.22984955406812,31.0,7.0,,,1.0,1.0,0.027027027027027,
Sipiwesk_Lake,SARIMA,1.376408104056993,1.1573718400809982,-0.0582391103175281,-115.1393661493049,24.0,0.0,"(3, 0, 3)","(2, 0, 0, 12)",,37.0,1.0,
Sipiwesk_Lake,Persistence,1.80626602488264,1.3071457564161573,-0.8224381255484301,-902.4216308842396,24.0,0.0,,,,37.0,1.0,
Sipiwesk_Lake,XGBoost_AR_only,1.3599938013073551,0.990189879761291,-0.033149628621895,-424.96554531408,24.0,0.0,,,,37.0,1.0,
Sipiwesk_Lake,SARIMAX_all_vars,,,,,,,,,,,,ERROR: ValueError: 测试期外生变量缺口超过MAX_FILLABLE_GAP_MONTHS上限，SARIMAX无法完成整块预测
Sipiwesk_Lake,XGBoost_all_vars,0.8924185035982716,0.6574239783145851,0.5551367820551506,-45.34340125857526,24.0,6.0,,,1.0,1.0,0.027027027027027,
Sipiwesk_Lake,SARIMAX_CCM_direct,,,,,,,,,,,,ERROR: ValueError: 测试期外生变量缺口超过MAX_FILLABLE_GAP_MONTHS上限，SARIMAX无法完成整块预测
Sipiwesk_Lake,XGBoost_CCM_direct,0.8370806138726069,0.6446469700122938,0.6085971944288499,-4.926240818383537,24.0,1.0,,,1.0,1.0,0.027027027027027,
Sipiwesk_Lake,SARIMAX_CCM_ancestors,,,,,,,,,,,,ERROR: ValueError: 测试期外生变量缺口超过MAX_FILLABLE_GAP_MONTHS上限，SARIMAX无法完成整块预测
Sipiwesk_Lake,XGBoost_CCM_ancestors,0.8854519552086861,0.6741800876357497,0.5620552054719178,38.23605402165563,24.0,6.0,,,1.0,1.0,0.027027027027027,
Sipiwesk_Lake,SARIMAX_Stepwise,,,,,,,,,,,,ERROR: ValueError: 测试期外生变量缺口超过MAX_FILLABLE_GAP_MONTHS上限，SARIMAX无法完成整块预测
Sipiwesk_Lake,XGBoost_Stepwise,0.7996382574156291,0.5719141879685404,0.6428287495571932,-127.24710767800342,24.0,5.0,,,1.0,1.0,0.027027027027027,
Sipiwesk_Lake,SARIMAX_CCM_neighbor,,,,,,,,,,,,ERROR: ValueError: 测试期外生变量缺口超过MAX_FILLABLE_GAP_MONTHS上限，SARIMAX无法完成整块预测
Sipiwesk_Lake,XGBoost_CCM_neighbor,0.9038570969639824,0.6994507635461318,0.5436596082553107,6.92060708305054,24.0,9.0,,,1.0,1.0,0.027027027027027,
Skaha_Lake,SARIMA,0.0625871649216033,0.0527087302238004,-0.4244801864570484,90.83724451856736,37.0,0.0,"(1, 0, 0)","(0, 0, 0, 12)",,37.0,1.0,
Skaha_Lake,Persistence,0.0723673325209961,0.0561995023595024,-0.9044561772398962,-150.37606939985824,37.0,0.0,,,,37.0,1.0,
Skaha_Lake,XGBoost_AR_only,0.0676629942879278,0.0573494464112057,-0.6649004844725719,85.72985364166878,37.0,0.0,,,,37.0,1.0,
Skaha_Lake,SARIMAX_all_vars,0.0558433664145111,0.048248325813544,-0.1340417314311237,63.4892149017484,37.0,6.0,"(1, 0, 0)","(0, 0, 0, 12)",1.0,1.0,0.027027027027027,
Skaha_Lake,XGBoost_all_vars,0.0500511282321551,0.0420673632894812,0.089010025580695,30.98611221482533,37.0,6.0,,,1.0,1.0,0.027027027027027,
Skaha_Lake,SARIMAX_Stepwise,0.0573170355006546,0.0490418587257415,-0.1946846799270685,73.30094323705342,37.0,3.0,"(1, 0, 0)","(0, 0, 0, 12)",1.0,1.0,0.027027027027027,
Skaha_Lake,XGBoost_Stepwise,0.0518916320034906,0.0425878456619729,0.0207794626364401,-8.50623912385853,37.0,3.0,,,1.0,1.0,0.027027027027027,
Split_Lake,SARIMA,1.2426367217893497,0.9841478622835717,-1.682676658947956,-345.44539941001307,36.0,0.0,"(0, 1, 1)","(0, 0, 0, 12)",,37.0,1.0,
Split_Lake,Persistence,1.2302812872924755,0.9685004070004166,-1.6295946068958744,-339.95299156440996,36.0,0.0,,,,37.0,1.0,
Split_Lake,XGBoost_AR_only,1.069168730391658,0.8943202551482616,-0.9859689803986011,26.703404187632515,36.0,0.0,,,,37.0,1.0,
Split_Lake,SARIMAX_all_vars,,,,,,,,,,,,ERROR: ValueError: 测试期外生变量缺口超过MAX_FILLABLE_GAP_MONTHS上限，SARIMAX无法完成整块预测
Split_Lake,XGBoost_all_vars,0.5523114037690391,0.4657842076492243,0.5346422265623173,-188.87911502355257,31.0,6.0,,,1.0,1.0,0.027027027027027,
Split_Lake,SARIMAX_CCM_direct,,,,,,,,,,,,ERROR: ValueError: 测试期外生变量缺口超过MAX_FILLABLE_GAP_MONTHS上限，SARIMAX无法完成整块预测
Split_Lake,XGBoost_CCM_direct,0.4860884184732008,0.3913698676009225,0.6395462902562272,-41.54768987736576,31.0,2.0,,,1.0,1.0,0.027027027027027,
Split_Lake,SARIMAX_CCM_ancestors,,,,,,,,,,,,ERROR: ValueError: 测试期外生变量缺口超过MAX_FILLABLE_GAP_MONTHS上限，SARIMAX无法完成整块预测
Split_Lake,XGBoost_CCM_ancestors,0.5103970668259398,0.4038177099170941,0.602593201889341,-17.5063413391449,31.0,4.0,,,1.0,1.0,0.027027027027027,
Split_Lake,SARIMAX_Stepwise,,,,,,,,,,,,ERROR: ValueError: 测试期外生变量缺口超过MAX_FILLABLE_GAP_MONTHS上限，SARIMAX无法完成整块预测
Split_Lake,XGBoost_Stepwise,0.4964734844150127,0.4175185254302437,0.6239798922009447,-165.3030881376992,31.0,4.0,,,1.0,1.0,0.027027027027027,
Split_Lake,SARIMAX_CCM_neighbor,,,,,,,,,,,,ERROR: ValueError: 测试期外生变量缺口超过MAX_FILLABLE_GAP_MONTHS上限，SARIMAX无法完成整块预测
Split_Lake,XGBoost_CCM_neighbor,0.7960269534169303,0.6230260804629969,-0.2363152224295992,-139.65893758741802,6.0,8.0,,,1.0,1.0,0.027027027027027,
Vaseux_Lake,SARIMA,0.0966430380594894,0.0714333431683156,0.1422608067027375,3.042014138417064,37.0,0.0,"(1, 1, 2)","(0, 0, 2, 12)",,37.0,1.0,
Vaseux_Lake,Persistence,0.1050591379854724,0.074899470899471,-0.0136354093775208,-25.03496256948575,37.0,0.0,,,,37.0,1.0,
Vaseux_Lake,XGBoost_AR_only,0.1070494515878974,0.0760264423758097,-0.0524052373914887,51.27344482768148,37.0,0.0,,,,37.0,1.0,
Vaseux_Lake,SARIMAX_all_vars,0.0985027824308163,0.0766328215595572,0.1089314743189553,59.85368382316957,37.0,5.0,"(1, 0, 0)","(0, 0, 0, 12)",1.0,1.0,0.027027027027027,
Vaseux_Lake,XGBoost_all_vars,0.0966369415109917,0.067280398151401,0.1423690210916178,40.12487216851248,37.0,5.0,,,1.0,1.0,0.027027027027027,
Vaseux_Lake,SARIMAX_CCM_direct,0.112266564620603,0.0824040227482408,-0.1574839399693506,-122.30137388057248,37.0,4.0,"(1, 1, 1)","(0, 0, 0, 12)",1.0,1.0,0.027027027027027,
Vaseux_Lake,XGBoost_CCM_direct,0.1142582842062417,0.0853042044299841,-0.1989180629269764,104.01255007575008,37.0,4.0,,,1.0,1.0,0.027027027027027,
Vaseux_Lake,SARIMAX_CCM_ancestors,0.112266564620603,0.0824040227482408,-0.1574839399693506,-122.30137388057248,37.0,4.0,"(1, 1, 1)","(0, 0, 0, 12)",1.0,1.0,0.027027027027027,
Vaseux_Lake,XGBoost_CCM_ancestors,0.1142582842062417,0.0853042044299841,-0.1989180629269764,104.01255007575008,37.0,4.0,,,1.0,1.0,0.027027027027027,
Vaseux_Lake,SARIMAX_Stepwise,0.0985027819162807,0.076632821119759,0.1089314836280627,59.85368227685071,37.0,5.0,"(1, 0, 0)","(0, 0, 0, 12)",1.0,1.0,0.027027027027027,
Vaseux_Lake,XGBoost_Stepwise,0.0934838510064474,0.0657429578385304,0.1974219158688178,24.83818752813496,37.0,5.0,,,1.0,1.0,0.027027027027027,
Vaseux_Lake,SARIMAX_CCM_neighbor,0.1178494950863637,0.0895555820129584,-0.2754679777556352,-160.13795582466634,37.0,7.0,"(1, 1, 1)","(2, 0, 1, 12)",1.0,1.0,0.027027027027027,
Vaseux_Lake,XGBoost_CCM_neighbor,0.1124799102746554,0.0793856184062973,-0.1618873669222478,94.67537417514718,37.0,7.0,,,1.0,1.0,0.027027027027027,
