lake,cause,effect,status,obs_lag,obs_rho,obs_n,E_effect,tau,p_value,p_fdr,kendall_tau,kendall_p,convergence_diagnostic_pass,statistically_significant,lag_resolution,causal_evidence,n_valid_surrogates
Kalamalka_Lake,Evap,P,OK,0,0.14087,329,7,1,0.3592814371257485,0.420329257918703,0.2777777777777778,0.3584876543209876,False,False,not_significant,False,500
Kalamalka_Lake,Evap,R,OK,5,0.36375,329,7,1,0.0019960079840319,0.0049604932147539,1.0,5.5114638447971785e-06,True,True,resolved,True,500
Kalamalka_Lake,Evap,RegFlow,OK,1,0.15237,332,4,1,0.1696606786427145,0.226214238190286,1.0,5.5114638447971785e-06,True,False,not_significant,False,500
Kalamalka_Lake,Evap,SWE,OK,6,0.41586,329,7,1,0.0019960079840319,0.0049604932147539,0.8333333333333334,0.0008542768959435,True,True,resolved,True,500
Kalamalka_Lake,Evap,T,OK,2,0.12121,326,10,1,0.373253493013972,0.4283236805078367,0.9444444444444444,4.96031746031746e-05,True,False,not_significant,False,500
Kalamalka_Lake,Evap,WL,OK,1,0.25731,319,4,1,0.0199600798403193,0.0381056069678824,1.0,5.5114638447971785e-06,True,True,resolved,True,500
Kalamalka_Lake,P,Evap,OK,3,0.2808,331,5,1,0.0019960079840319,0.0049604932147539,1.0,5.5114638447971785e-06,True,True,resolved,True,500
Kalamalka_Lake,P,R,OK,5,0.26752,329,7,1,0.0019960079840319,0.0049604932147539,0.9444444444444444,4.96031746031746e-05,True,True,resolved,True,500
Kalamalka_Lake,P,RegFlow,OK,3,0.16071,332,4,1,0.0638722554890219,0.1016149519143531,0.8333333333333334,0.0008542768959435,True,False,not_significant,False,500
Kalamalka_Lake,P,SWE,OK,1,0.21696,329,7,1,0.0099800399201596,0.0204469110559369,0.6666666666666666,0.0126653439153439,True,True,resolved,True,500
Kalamalka_Lake,P,T,OK,7,0.20592,326,10,1,0.0199600798403193,0.0381056069678824,0.7777777777777778,0.0024250440917107,True,True,resolved,True,500
Kalamalka_Lake,P,WL,OK,2,0.20871,319,4,1,0.0419161676646706,0.0709870581417809,1.0,5.5114638447971785e-06,True,False,not_significant,False,500
Kalamalka_Lake,R,Evap,OK,-1,0.38169,330,5,1,0.0039920159680638,0.0087782550083079,0.8888888888888888,0.000242504409171,True,True,rejected_reverse,False,500
Kalamalka_Lake,R,P,OK,0,0.4075,329,7,1,0.0019960079840319,0.0049604932147539,0.9444444444444444,4.96031746031746e-05,True,True,unresolved_contemporaneous,True,500
Kalamalka_Lake,R,RegFlow,OK,2,0.66223,332,4,1,0.0019960079840319,0.0049604932147539,1.0,5.5114638447971785e-06,True,True,resolved,True,500
Kalamalka_Lake,R,SWE,OK,4,0.69177,329,7,1,0.0019960079840319,0.0049604932147539,1.0,5.5114638447971785e-06,True,True,resolved,True,500
Kalamalka_Lake,R,T,OK,10,0.15821,325,10,1,0.3193612774451098,0.3876639784015783,0.8888888888888888,0.000242504409171,True,False,not_significant,False,500
Kalamalka_Lake,R,WL,OK,0,0.48413,319,4,1,0.0019960079840319,0.0049604932147539,0.8888888888888888,0.000242504409171,True,True,unresolved_contemporaneous,True,500
Kalamalka_Lake,RegFlow,Evap,OK,-2,0.22597,329,5,1,0.0119760479041916,0.0241824044219253,1.0,5.5114638447971785e-06,True,True,rejected_reverse,False,500
Kalamalka_Lake,RegFlow,P,OK,-1,0.49509,328,7,1,0.0019960079840319,0.0049604932147539,0.9444444444444444,4.96031746031746e-05,True,True,rejected_reverse,False,500
Kalamalka_Lake,RegFlow,R,OK,5,0.64373,329,7,1,0.0019960079840319,0.0049604932147539,0.9444444444444444,4.96031746031746e-05,True,True,resolved,True,500
Kalamalka_Lake,RegFlow,SWE,OK,-2,0.51829,327,7,1,0.0019960079840319,0.0049604932147539,1.0,5.5114638447971785e-06,True,True,rejected_reverse,False,500
Kalamalka_Lake,RegFlow,T,OK,-10,0.21694,316,10,1,0.3353293413173652,0.4001088731627653,0.7222222222222222,0.0058862433862433,True,False,not_significant,False,500
Kalamalka_Lake,RegFlow,WL,OK,2,0.80939,319,4,1,0.0019960079840319,0.0049604932147539,0.8333333333333334,0.0008542768959435,True,True,resolved,True,500
Kalamalka_Lake,SWE,Evap,OK,1,0.5025,331,5,1,0.0019960079840319,0.0049604932147539,1.0,5.5114638447971785e-06,True,True,resolved,True,500
Kalamalka_Lake,SWE,P,OK,3,0.37604,329,7,1,0.0019960079840319,0.0049604932147539,1.0,5.5114638447971785e-06,True,True,resolved,True,500
Kalamalka_Lake,SWE,R,OK,5,0.74437,329,7,1,0.0019960079840319,0.0049604932147539,1.0,5.5114638447971785e-06,True,True,resolved,True,500
Kalamalka_Lake,SWE,RegFlow,OK,11,0.351,324,4,1,0.0119760479041916,0.0241824044219253,1.0,5.5114638447971785e-06,True,True,resolved,True,500
Kalamalka_Lake,SWE,T,OK,5,0.21389,326,10,1,0.1596806387225549,0.2184555969494236,0.5555555555555556,0.0446152998236331,True,False,not_significant,False,500
Kalamalka_Lake,SWE,WL,OK,3,0.34763,319,4,1,0.1017964071856287,0.1479394152870729,0.9444444444444444,4.96031746031746e-05,True,False,not_significant,False,500
Kalamalka_Lake,T,Evap,OK,3,0.31526,331,5,1,0.0019960079840319,0.0049604932147539,1.0,5.5114638447971785e-06,True,True,resolved,True,500
Kalamalka_Lake,T,P,OK,6,0.22753,329,7,1,0.0259481037924151,0.048222139791214,1.0,5.5114638447971785e-06,True,True,resolved,True,500
Kalamalka_Lake,T,R,OK,7,0.16253,328,7,1,0.0518962075848303,0.0851422155688622,0.8333333333333334,0.0008542768959435,True,False,not_significant,False,500
Kalamalka_Lake,T,RegFlow,OK,4,0.10311,331,4,1,0.6786427145708582,0.6968947191192187,1.0,5.5114638447971785e-06,True,False,not_significant,False,500
Kalamalka_Lake,T,SWE,OK,0,0.19549,329,7,1,0.0718562874251497,0.1109545614653046,0.8888888888888888,0.000242504409171,True,False,not_significant,False,500
Kalamalka_Lake,T,WL,OK,4,0.17531,318,4,1,0.6027944111776448,0.632934131736527,0.9444444444444444,4.96031746031746e-05,True,False,not_significant,False,500
Kalamalka_Lake,WL,Evap,OK,-2,0.15593,325,5,1,0.3333333333333333,0.3999999999999999,0.8888888888888888,0.000242504409171,True,False,not_significant,False,500
Kalamalka_Lake,WL,P,OK,-1,0.29286,324,7,1,0.0479041916167664,0.0795247449764502,0.6666666666666666,0.0126653439153439,True,False,not_significant,False,500
Kalamalka_Lake,WL,R,OK,0,0.43514,325,7,1,0.0019960079840319,0.0049604932147539,0.7222222222222222,0.0058862433862433,True,True,unresolved_contemporaneous,True,500
Kalamalka_Lake,WL,RegFlow,OK,1,0.63832,328,4,1,0.0019960079840319,0.0049604932147539,0.6666666666666666,0.0126653439153439,True,True,resolved,True,500
Kalamalka_Lake,WL,SWE,OK,-3,0.31663,322,7,1,0.059880239520958,0.0963590061256796,1.0,5.5114638447971785e-06,True,False,not_significant,False,500
Kalamalka_Lake,WL,T,OK,3,0.24105,322,10,1,0.3712574850299401,0.4272003937330818,0.9444444444444444,4.96031746031746e-05,True,False,not_significant,False,500
Kiskitto_Lake,Evap,P,OK,-11,0.1901,322,3,1,0.06187624750499,0.0991909311148695,1.0,5.5114638447971785e-06,True,False,not_significant,False,500
Kiskitto_Lake,Evap,R,OK,-4,0.33629,325,7,1,0.0079840319361277,0.0167664670658682,1.0,5.5114638447971785e-06,True,True,rejected_reverse,False,500
Kiskitto_Lake,Evap,RegFlow,OK,1,0.17195,330,3,1,0.3193612774451098,0.3876639784015783,0.7222222222222222,0.0058862433862433,True,False,not_significant,False,500
Kiskitto_Lake,Evap,SWE,OK,0,0.23027,330,6,1,0.0099800399201596,0.0204469110559369,0.7777777777777778,0.0024250440917107,True,True,unresolved_contemporaneous,True,500
Kiskitto_Lake,Evap,T,OK,4,0.42899,328,8,1,0.0019960079840319,0.0049604932147539,0.8888888888888888,0.000242504409171,True,True,resolved,True,500
Kiskitto_Lake,Evap,WL,OK,6,0.18714,278,2,1,0.3812375249500998,0.4362936252834929,1.0,5.5114638447971785e-06,True,False,not_significant,False,500
Kiskitto_Lake,P,Evap,OK,9,0.22894,326,6,1,0.0079840319361277,0.0167664670658682,1.0,5.5114638447971785e-06,True,True,resolved,True,500
Kiskitto_Lake,P,R,OK,3,0.36016,329,7,1,0.0019960079840319,0.0049604932147539,0.8888888888888888,0.000242504409171,True,True,resolved,True,500
Kiskitto_Lake,P,RegFlow,OK,3,0.1248,329,3,1,0.4471057884231537,0.4941695556255909,0.7777777777777778,0.0024250440917107,True,False,not_significant,False,500
Kiskitto_Lake,P,SWE,OK,4,0.14409,330,6,1,0.1457085828343313,0.2013079104947998,0.8888888888888888,0.000242504409171,True,False,not_significant,False,500
Kiskitto_Lake,P,T,OK,4,0.13753,328,8,1,0.2355289421157684,0.3006752452541725,0.7777777777777778,0.0024250440917107,True,False,not_significant,False,500
Kiskitto_Lake,P,WL,OK,1,0.32644,283,2,1,0.0039920159680638,0.0087782550083079,1.0,5.5114638447971785e-06,True,True,resolved,True,500
Kiskitto_Lake,R,Evap,OK,12,0.30845,323,6,1,0.0359281437125748,0.0631373236790018,-0.8888888888888888,0.000242504409171,False,False,not_significant,False,500
Kiskitto_Lake,R,P,OK,-2,0.53328,331,3,1,0.0019960079840319,0.0049604932147539,1.0,5.5114638447971785e-06,True,True,rejected_reverse,False,500
Kiskitto_Lake,R,RegFlow,OK,-2,0.32186,328,3,1,0.1277445109780439,0.1782481548530845,0.5555555555555556,0.0446152998236331,True,False,not_significant,False,500
Kiskitto_Lake,R,SWE,OK,-3,0.28743,327,6,1,0.0658682634730539,0.1036129987216578,1.0,5.5114638447971785e-06,True,False,not_significant,False,500
Kiskitto_Lake,R,T,OK,12,0.25814,323,8,1,0.1696606786427145,0.226214238190286,0.9444444444444444,4.96031746031746e-05,True,False,not_significant,False,500
Kiskitto_Lake,R,WL,OK,-1,0.61702,282,2,1,0.0019960079840319,0.0049604932147539,1.0,5.5114638447971785e-06,True,True,rejected_reverse,False,500
Kiskitto_Lake,RegFlow,Evap,OK,-1,0.14695,328,6,1,0.3333333333333333,0.3999999999999999,-0.2222222222222222,0.4767085537918871,False,False,not_significant,False,500
Kiskitto_Lake,RegFlow,P,OK,-12,0.12965,320,3,1,0.6087824351297405,0.6344630837580422,1.0,5.5114638447971785e-06,True,False,not_significant,False,500
Kiskitto_Lake,RegFlow,R,OK,6,0.4063,328,7,1,0.3532934131736527,0.415639309616062,1.0,5.5114638447971785e-06,True,False,not_significant,False,500
Kiskitto_Lake,RegFlow,SWE,OK,1,0.20932,329,6,1,0.0718562874251497,0.1109545614653046,0.9444444444444444,4.96031746031746e-05,True,False,not_significant,False,500
Kiskitto_Lake,RegFlow,T,OK,-11,0.22596,316,8,1,0.1017964071856287,0.1479394152870729,1.0,5.5114638447971785e-06,True,False,not_significant,False,500
Kiskitto_Lake,RegFlow,WL,OK,8,0.34553,275,2,1,0.1317365269461078,0.1832097394614744,0.8888888888888888,0.000242504409171,True,False,not_significant,False,500
Kiskitto_Lake,SWE,Evap,OK,0,0.34705,330,6,1,0.0019960079840319,0.0049604932147539,1.0,5.5114638447971785e-06,True,True,unresolved_contemporaneous,True,500
Kiskitto_Lake,SWE,P,OK,-12,0.313,321,3,1,0.0039920159680638,0.0087782550083079,1.0,5.5114638447971785e-06,True,True,rejected_reverse,False,500
Kiskitto_Lake,SWE,R,OK,8,0.38769,327,7,1,0.1936127744510978,0.2533251254500345,1.0,5.5114638447971785e-06,True,False,not_significant,False,500
Kiskitto_Lake,SWE,RegFlow,OK,-10,0.2159,320,3,1,0.2295409181636726,0.2948231976414144,0.9444444444444444,4.96031746031746e-05,True,False,not_significant,False,500
Kiskitto_Lake,SWE,T,OK,2,0.33191,328,8,1,0.0079840319361277,0.0167664670658682,1.0,5.5114638447971785e-06,True,True,resolved,True,500
Kiskitto_Lake,SWE,WL,OK,-8,0.21312,275,2,1,0.6487025948103793,0.6694228251114479,1.0,5.5114638447971785e-06,True,False,not_significant,False,500
Kiskitto_Lake,T,Evap,OK,4,0.34466,330,6,1,0.0019960079840319,0.0049604932147539,0.8888888888888888,0.000242504409171,True,True,resolved,True,500
Kiskitto_Lake,T,P,OK,1,0.18125,333,3,1,0.0858283433133732,0.1287425149700599,1.0,5.5114638447971785e-06,True,False,not_significant,False,500
Kiskitto_Lake,T,R,OK,12,0.20629,323,7,1,0.2694610778443114,0.3388432715407509,1.0,5.5114638447971785e-06,True,False,not_significant,False,500
Kiskitto_Lake,T,RegFlow,OK,-7,0.15126,323,3,1,0.3952095808383233,0.4474070726471585,0.9444444444444444,4.96031746031746e-05,True,False,not_significant,False,500
Kiskitto_Lake,T,SWE,OK,2,0.31693,330,6,1,0.0019960079840319,0.0049604932147539,1.0,5.5114638447971785e-06,True,True,resolved,True,500
Kiskitto_Lake,T,WL,OK,-11,0.2025,272,2,1,0.2335329341317365,0.2990360741930772,1.0,5.5114638447971785e-06,True,False,not_significant,False,500
Kiskitto_Lake,WL,Evap,OK,12,0.03568,286,6,1,0.9520958083832336,0.9566512907199952,-0.9444444444444444,4.96031746031746e-05,False,False,not_significant,False,500
Kiskitto_Lake,WL,P,OK,-1,0.24245,295,3,1,0.0818363273453093,0.1245335416124273,0.6666666666666666,0.0126653439153439,True,False,not_significant,False,500
Kiskitto_Lake,WL,R,OK,7,0.65327,291,7,1,0.0019960079840319,0.0049604932147539,1.0,5.5114638447971785e-06,True,True,resolved,True,500
Kiskitto_Lake,WL,RegFlow,OK,1,0.45131,293,3,1,0.0079840319361277,0.0167664670658682,0.1111111111111111,0.761414241622575,False,False,not_significant,False,500
Kiskitto_Lake,WL,SWE,OK,-3,0.17479,290,6,1,0.4730538922155688,0.5147218516335206,1.0,5.5114638447971785e-06,True,False,not_significant,False,500
Kiskitto_Lake,WL,T,OK,10,0.15767,288,8,1,0.7624750499001997,0.7772803906749608,0.3888888888888889,0.1801807760141093,False,False,not_significant,False,500
Lake_of_the_Woods,Evap,P,OK,-3,0.17002,323,10,1,0.0838323353293413,0.1271104001383514,0.8333333333333334,0.0008542768959435,True,False,not_significant,False,500
Lake_of_the_Woods,Evap,R,OK,3,0.22503,332,3,1,0.0638722554890219,0.1016149519143531,0.5,0.0751763668430335,False,False,not_significant,False,500
Lake_of_the_Woods,Evap,RegFlow,OK,-1,0.23765,327,3,1,0.0199600798403193,0.0381056069678824,0.8888888888888888,0.000242504409171,True,True,rejected_reverse,False,500
Lake_of_the_Woods,Evap,SWE,OK,-4,0.28177,327,5,1,0.0019960079840319,0.0049604932147539,0.9444444444444444,4.96031746031746e-05,True,True,rejected_reverse,False,500
Lake_of_the_Woods,Evap,T,OK,0,0.50654,328,8,1,0.0019960079840319,0.0049604932147539,1.0,5.5114638447971785e-06,True,True,unresolved_contemporaneous,True,500
Lake_of_the_Woods,Evap,WL,OK,3,0.2775,332,3,1,0.0039920159680638,0.0087782550083079,0.9444444444444444,4.96031746031746e-05,True,True,resolved,True,500
Lake_of_the_Woods,P,Evap,OK,4,0.10746,329,7,1,0.4491017964071856,0.495072846433118,0.3333333333333333,0.2595182980599647,False,False,not_significant,False,500
Lake_of_the_Woods,P,R,OK,1,0.43448,333,3,1,0.0019960079840319,0.0049604932147539,0.7777777777777778,0.0024250440917107,True,True,resolved,True,500
Lake_of_the_Woods,P,RegFlow,OK,2,0.41468,328,3,1,0.0019960079840319,0.0049604932147539,1.0,5.5114638447971785e-06,True,True,resolved,True,500
Lake_of_the_Woods,P,SWE,OK,6,0.12102,329,5,1,0.405189620758483,0.4550257773223606,0.8333333333333334,0.0008542768959435,True,False,not_significant,False,500
Lake_of_the_Woods,P,T,OK,12,0.05665,323,8,1,0.8922155688622755,0.9051462292805692,0.2777777777777778,0.3584876543209876,False,False,not_significant,False,500
Lake_of_the_Woods,P,WL,OK,2,0.4629,333,3,1,0.0019960079840319,0.0049604932147539,0.8888888888888888,0.000242504409171,True,True,resolved,True,500
Lake_of_the_Woods,R,Evap,OK,2,0.55685,329,7,1,0.0019960079840319,0.0049604932147539,1.0,5.5114638447971785e-06,True,True,resolved,True,500
Lake_of_the_Woods,R,P,OK,1,0.64412,326,10,1,0.0019960079840319,0.0049604932147539,1.0,5.5114638447971785e-06,True,True,resolved,True,500
Lake_of_the_Woods,R,RegFlow,OK,1,0.75875,328,3,1,0.0019960079840319,0.0049604932147539,0.4444444444444444,0.1194389329805996,False,False,not_significant,False,500
Lake_of_the_Woods,R,SWE,OK,1,0.45688,331,5,1,0.0019960079840319,0.0049604932147539,1.0,5.5114638447971785e-06,True,True,resolved,True,500
Lake_of_the_Woods,R,T,OK,1,0.38829,328,8,1,0.0019960079840319,0.0049604932147539,0.9444444444444444,4.96031746031746e-05,True,True,resolved,True,500
Lake_of_the_Woods,R,WL,OK,2,0.71042,333,3,1,0.0019960079840319,0.0049604932147539,0.8888888888888888,0.000242504409171,True,True,resolved,True,500
Lake_of_the_Woods,RegFlow,Evap,OK,2,0.43979,326,7,1,0.0019960079840319,0.0049604932147539,0.9444444444444444,4.96031746031746e-05,True,True,resolved,True,500
Lake_of_the_Woods,RegFlow,P,OK,1,0.67313,323,10,1,0.0019960079840319,0.0049604932147539,1.0,5.5114638447971785e-06,True,True,resolved,True,500
Lake_of_the_Woods,RegFlow,R,OK,1,0.80271,330,3,1,0.0019960079840319,0.0049604932147539,0.8333333333333334,0.0008542768959435,True,True,resolved,True,500
Lake_of_the_Woods,RegFlow,SWE,OK,-3,0.41843,325,5,1,0.0019960079840319,0.0049604932147539,0.8333333333333334,0.0008542768959435,True,True,rejected_reverse,False,500
Lake_of_the_Woods,RegFlow,T,OK,0,0.30229,325,8,1,0.0279441117764471,0.0514759953776657,0.9444444444444444,4.96031746031746e-05,True,False,not_significant,False,500
Lake_of_the_Woods,RegFlow,WL,OK,0,0.84379,330,3,1,0.0019960079840319,0.0049604932147539,0.8333333333333334,0.0008542768959435,True,True,unresolved_contemporaneous,True,500
Lake_of_the_Woods,SWE,Evap,OK,6,0.47105,329,7,1,0.0019960079840319,0.0049604932147539,0.9444444444444444,4.96031746031746e-05,True,True,resolved,True,500
Lake_of_the_Woods,SWE,P,OK,0,0.44667,326,10,1,0.0019960079840319,0.0049604932147539,1.0,5.5114638447971785e-06,True,True,unresolved_contemporaneous,True,500
Lake_of_the_Woods,SWE,R,OK,4,0.50893,331,3,1,0.0019960079840319,0.0049604932147539,1.0,5.5114638447971785e-06,True,True,resolved,True,500
Lake_of_the_Woods,SWE,RegFlow,OK,2,0.35538,328,3,1,0.0339321357285429,0.0606446681105873,0.8888888888888888,0.000242504409171,True,False,not_significant,False,500
Lake_of_the_Woods,SWE,T,OK,4,0.56763,328,8,1,0.0019960079840319,0.0049604932147539,0.9444444444444444,4.96031746031746e-05,True,True,resolved,True,500
Lake_of_the_Woods,SWE,WL,OK,-4,0.14642,329,3,1,0.908183632734531,0.9191256042132602,0.9444444444444444,4.96031746031746e-05,True,False,not_significant,False,500
Lake_of_the_Woods,T,Evap,OK,3,0.48414,329,7,1,0.0019960079840319,0.0049604932147539,1.0,5.5114638447971785e-06,True,True,resolved,True,500
Lake_of_the_Woods,T,P,OK,0,0.16963,326,10,1,0.1616766467065868,0.2204681545998911,0.9444444444444444,4.96031746031746e-05,True,False,not_significant,False,500
Lake_of_the_Woods,T,R,OK,6,0.21655,329,3,1,0.0878243512974051,0.1312677136829544,0.9444444444444444,4.96031746031746e-05,True,False,not_significant,False,500
Lake_of_the_Woods,T,RegFlow,OK,2,0.13442,328,3,1,0.8203592814371258,0.8342636760377551,1.0,5.5114638447971785e-06,True,False,not_significant,False,500
Lake_of_the_Woods,T,SWE,OK,2,0.3143,331,5,1,0.0019960079840319,0.0049604932147539,0.8888888888888888,0.000242504409171,True,True,resolved,True,500
Lake_of_the_Woods,T,WL,OK,7,0.15628,328,3,1,0.4550898203592814,0.5003605354735555,0.7222222222222222,0.0058862433862433,True,False,not_significant,False,500
Lake_of_the_Woods,WL,Evap,OK,1,0.43047,329,7,1,0.0019960079840319,0.0049604932147539,0.8888888888888888,0.000242504409171,True,True,resolved,True,500
Lake_of_the_Woods,WL,P,OK,1,0.68129,326,10,1,0.0019960079840319,0.0049604932147539,0.9444444444444444,4.96031746031746e-05,True,True,resolved,True,500
Lake_of_the_Woods,WL,R,OK,1,0.75983,333,3,1,0.0019960079840319,0.0049604932147539,1.0,5.5114638447971785e-06,True,True,resolved,True,500
Lake_of_the_Woods,WL,RegFlow,OK,2,0.80937,328,3,1,0.0019960079840319,0.0049604932147539,0.611111111111111,0.0247409611992945,True,True,resolved,True,500
Lake_of_the_Woods,WL,SWE,OK,-3,0.21392,328,5,1,0.1676646706586826,0.2257024412713035,0.8888888888888888,0.000242504409171,True,False,not_significant,False,500
Lake_of_the_Woods,WL,T,OK,0,0.17054,328,8,1,0.5249500998003992,0.558174789661184,0.5555555555555556,0.0446152998236331,True,False,not_significant,False,500
Okanagan_Lake,Evap,P,OK,0,0.07546,330,6,1,0.9620758483033932,0.9643719720463608,-0.2222222222222222,0.4767085537918871,False,False,not_significant,False,500
Okanagan_Lake,Evap,R,OK,5,0.39454,330,5,1,0.0019960079840319,0.0049604932147539,1.0,5.5114638447971785e-06,True,True,resolved,True,500
Okanagan_Lake,Evap,RegFlow,OK,7,0.11779,328,6,1,0.3932135728542914,0.4463505421589254,1.0,5.5114638447971785e-06,True,False,not_significant,False,500
Okanagan_Lake,Evap,SWE,OK,5,0.32441,330,6,1,0.0019960079840319,0.0049604932147539,0.9444444444444444,4.96031746031746e-05,True,True,resolved,True,500
Okanagan_Lake,Evap,T,OK,0,0.18586,327,9,1,0.0698602794411177,0.1090755292389199,0.8333333333333334,0.0008542768959435,True,False,not_significant,False,500
Okanagan_Lake,Evap,WL,OK,-1,0.19492,333,2,1,0.2015968063872255,0.2621382621753397,0.9444444444444444,4.96031746031746e-05,True,False,not_significant,False,500
Okanagan_Lake,P,Evap,OK,5,0.2026,328,8,1,0.0159680638722554,0.0316348435205061,1.0,5.5114638447971785e-06,True,True,resolved,True,500
Okanagan_Lake,P,R,OK,3,0.22261,331,5,1,0.0039920159680638,0.0087782550083079,1.0,5.5114638447971785e-06,True,True,resolved,True,500
Okanagan_Lake,P,RegFlow,OK,4,0.31943,330,6,1,0.0019960079840319,0.0049604932147539,0.9444444444444444,4.96031746031746e-05,True,True,resolved,True,500
Okanagan_Lake,P,SWE,OK,4,0.24477,330,6,1,0.0039920159680638,0.0087782550083079,0.9444444444444444,4.96031746031746e-05,True,True,resolved,True,500
Okanagan_Lake,P,T,OK,5,0.23841,327,9,1,0.0039920159680638,0.0087782550083079,0.8333333333333334,0.0008542768959435,True,True,resolved,True,500
Okanagan_Lake,P,WL,OK,2,0.21783,333,2,1,0.0419161676646706,0.0709870581417809,0.8333333333333334,0.0008542768959435,True,False,not_significant,False,500
Okanagan_Lake,R,Evap,OK,3,0.33431,328,8,1,0.0019960079840319,0.0049604932147539,0.8333333333333334,0.0008542768959435,True,True,resolved,True,500
Okanagan_Lake,R,P,OK,-1,0.28173,329,6,1,0.0079840319361277,0.0167664670658682,-0.0555555555555555,0.919455467372134,False,False,not_significant,False,500
Okanagan_Lake,R,RegFlow,OK,5,0.54087,330,6,1,0.0019960079840319,0.0049604932147539,0.5555555555555556,0.0446152998236331,True,True,resolved,True,500
Okanagan_Lake,R,SWE,OK,2,0.70473,330,6,1,0.0019960079840319,0.0049604932147539,0.9444444444444444,4.96031746031746e-05,True,True,resolved,True,500
Okanagan_Lake,R,T,OK,-1,0.16045,326,9,1,0.1816367265469061,0.2398975633638383,0.9444444444444444,4.96031746031746e-05,True,False,not_significant,False,500
Okanagan_Lake,R,WL,OK,0,0.38913,334,2,1,0.0039920159680638,0.0087782550083079,0.9444444444444444,4.96031746031746e-05,True,True,unresolved_contemporaneous,True,500
Okanagan_Lake,RegFlow,Evap,OK,-2,0.22864,326,8,1,0.0658682634730539,0.1036129987216578,1.0,5.5114638447971785e-06,True,False,not_significant,False,500
Okanagan_Lake,RegFlow,P,OK,-1,0.58369,329,6,1,0.0019960079840319,0.0049604932147539,1.0,5.5114638447971785e-06,True,True,rejected_reverse,False,500
Okanagan_Lake,RegFlow,R,OK,2,0.62672,331,5,1,0.0019960079840319,0.0049604932147539,0.1111111111111111,0.761414241622575,False,False,not_significant,False,500
Okanagan_Lake,RegFlow,SWE,OK,-1,0.55334,329,6,1,0.0019960079840319,0.0049604932147539,0.9444444444444444,4.96031746031746e-05,True,True,rejected_reverse,False,500
Okanagan_Lake,RegFlow,T,OK,-8,0.25917,319,9,1,0.1117764471057884,0.158601715487943,0.9444444444444444,4.96031746031746e-05,True,False,not_significant,False,500
Okanagan_Lake,RegFlow,WL,OK,1,0.46411,334,2,1,0.0019960079840319,0.0049604932147539,0.7222222222222222,0.0058862433862433,True,True,resolved,True,500
Okanagan_Lake,SWE,Evap,OK,1,0.35066,328,8,1,0.0019960079840319,0.0049604932147539,1.0,5.5114638447971785e-06,True,True,resolved,True,500
Okanagan_Lake,SWE,P,OK,0,0.38535,330,6,1,0.0019960079840319,0.0049604932147539,0.8888888888888888,0.000242504409171,True,True,unresolved_contemporaneous,True,500
Okanagan_Lake,SWE,R,OK,4,0.71973,331,5,1,0.0019960079840319,0.0049604932147539,1.0,5.5114638447971785e-06,True,True,resolved,True,500
Okanagan_Lake,SWE,RegFlow,OK,2,0.55295,330,6,1,0.0019960079840319,0.0049604932147539,0.7777777777777778,0.0024250440917107,True,True,resolved,True,500
Okanagan_Lake,SWE,T,OK,2,0.26454,327,9,1,0.0658682634730539,0.1036129987216578,0.2777777777777778,0.3584876543209876,False,False,not_significant,False,500
Okanagan_Lake,SWE,WL,OK,-4,0.30752,330,2,1,0.0858283433133732,0.1287425149700599,1.0,5.5114638447971785e-06,True,False,not_significant,False,500
Okanagan_Lake,T,Evap,OK,2,0.27266,328,8,1,0.0019960079840319,0.0049604932147539,1.0,5.5114638447971785e-06,True,True,resolved,True,500
Okanagan_Lake,T,P,OK,3,0.18729,330,6,1,0.1477045908183632,0.2033964857170904,0.9444444444444444,4.96031746031746e-05,True,False,not_significant,False,500
Okanagan_Lake,T,R,OK,5,0.15675,330,5,1,0.1676646706586826,0.2257024412713035,0.5555555555555556,0.0446152998236331,True,False,not_significant,False,500
Okanagan_Lake,T,RegFlow,OK,-11,0.10148,319,6,1,0.7105788423153693,0.7279100335913539,0.9444444444444444,4.96031746031746e-05,True,False,not_significant,False,500
Okanagan_Lake,T,SWE,OK,4,0.19181,330,6,1,0.1077844311377245,0.1545032801291614,0.8333333333333334,0.0008542768959435,True,False,not_significant,False,500
Okanagan_Lake,T,WL,OK,-9,0.16103,325,2,1,0.5289421157684631,0.5609992136938244,1.0,5.5114638447971785e-06,True,False,not_significant,False,500
Okanagan_Lake,WL,Evap,OK,-3,0.1457,325,8,1,0.4411177644710579,0.4901308494122865,0.9444444444444444,4.96031746031746e-05,True,False,not_significant,False,500
Okanagan_Lake,WL,P,OK,-1,0.28495,329,6,1,0.0479041916167664,0.0795247449764502,0.0555555555555555,0.919455467372134,False,False,not_significant,False,500
Okanagan_Lake,WL,R,OK,2,0.45628,331,5,1,0.0019960079840319,0.0049604932147539,0.8888888888888888,0.000242504409171,True,True,resolved,True,500
Okanagan_Lake,WL,RegFlow,OK,5,0.57326,330,6,1,0.0019960079840319,0.0049604932147539,1.0,5.5114638447971785e-06,True,True,resolved,True,500
Okanagan_Lake,WL,SWE,OK,-4,0.30826,326,6,1,0.0399201596806387,0.0684345594525235,1.0,5.5114638447971785e-06,True,False,not_significant,False,500
Okanagan_Lake,WL,T,OK,1,0.22538,327,9,1,0.2834331337325349,0.3501232828460725,1.0,5.5114638447971785e-06,True,False,not_significant,False,500
Playgreen_Lake,Evap,P,OK,10,0.19676,325,5,1,0.0199600798403193,0.0381056069678824,1.0,5.5114638447971785e-06,True,True,resolved,True,500
Playgreen_Lake,Evap,R,OK,6,0.15546,329,4,1,0.3473053892215569,0.4108965168255039,0.5,0.0751763668430335,False,False,not_significant,False,500
Playgreen_Lake,Evap,RegFlow,OK,1,0.16939,330,3,1,0.3592814371257485,0.420329257918703,0.8333333333333334,0.0008542768959435,True,False,not_significant,False,500
Playgreen_Lake,Evap,SWE,OK,4,0.18961,329,7,1,0.059880239520958,0.0963590061256796,0.8888888888888888,0.000242504409171,True,False,not_significant,False,500
Playgreen_Lake,Evap,T,OK,1,0.46673,333,3,1,0.0019960079840319,0.0049604932147539,0.8888888888888888,0.000242504409171,True,True,resolved,True,500
Playgreen_Lake,Evap,WL,OK,-12,0.18909,288,2,1,0.3632734530938123,0.4226450146797816,1.0,5.5114638447971785e-06,True,False,not_significant,False,500
Playgreen_Lake,P,Evap,OK,9,0.20485,326,8,1,0.0019960079840319,0.0049604932147539,1.0,5.5114638447971785e-06,True,True,resolved,True,500
Playgreen_Lake,P,R,OK,2,0.40118,332,4,1,0.0019960079840319,0.0049604932147539,0.7777777777777778,0.0024250440917107,True,True,resolved,True,500
Playgreen_Lake,P,RegFlow,OK,2,0.26798,330,3,1,0.0019960079840319,0.0049604932147539,0.9444444444444444,4.96031746031746e-05,True,True,resolved,True,500
Playgreen_Lake,P,SWE,OK,-6,0.08282,323,7,1,0.7504990019960079,0.766933286711249,0.8888888888888888,0.000242504409171,True,False,not_significant,False,500
Playgreen_Lake,P,T,OK,1,0.20819,333,3,1,0.0518962075848303,0.0851422155688622,0.9444444444444444,4.96031746031746e-05,True,False,not_significant,False,500
Playgreen_Lake,P,WL,OK,6,0.32978,289,2,1,0.0019960079840319,0.0049604932147539,1.0,5.5114638447971785e-06,True,True,resolved,True,500
Playgreen_Lake,R,Evap,OK,0,0.29113,328,8,1,0.0179640718562874,0.035092605486701,1.0,5.5114638447971785e-06,True,True,unresolved_contemporaneous,True,500
Playgreen_Lake,R,P,OK,0,0.52697,331,5,1,0.0019960079840319,0.0049604932147539,1.0,5.5114638447971785e-06,True,True,unresolved_contemporaneous,True,500
Playgreen_Lake,R,RegFlow,OK,3,0.68552,329,3,1,0.0019960079840319,0.0049604932147539,1.0,5.5114638447971785e-06,True,True,resolved,True,500
Playgreen_Lake,R,SWE,OK,-3,0.46194,326,7,1,0.0019960079840319,0.0049604932147539,0.9444444444444444,4.96031746031746e-05,True,True,rejected_reverse,False,500
Playgreen_Lake,R,T,OK,1,0.14244,333,3,1,0.3852295409181637,0.4384726481995359,0.6666666666666666,0.0126653439153439,True,False,not_significant,False,500
Playgreen_Lake,R,WL,OK,1,0.53112,294,2,1,0.0019960079840319,0.0049604932147539,1.0,5.5114638447971785e-06,True,True,resolved,True,500
Playgreen_Lake,RegFlow,Evap,OK,12,0.2039,322,8,1,0.2754491017964072,0.3422740318180207,0.611111111111111,0.0247409611992945,True,False,not_significant,False,500
Playgreen_Lake,RegFlow,P,OK,-4,0.38335,326,5,1,0.0019960079840319,0.0049604932147539,1.0,5.5114638447971785e-06,True,True,rejected_reverse,False,500
Playgreen_Lake,RegFlow,R,OK,0,0.69817,331,4,1,0.0019960079840319,0.0049604932147539,1.0,5.5114638447971785e-06,True,True,unresolved_contemporaneous,True,500
Playgreen_Lake,RegFlow,SWE,OK,-4,0.38489,324,7,1,0.0019960079840319,0.0049604932147539,0.9444444444444444,4.96031746031746e-05,True,True,rejected_reverse,False,500
Playgreen_Lake,RegFlow,T,OK,11,0.30303,323,3,1,0.0039920159680638,0.0087782550083079,1.0,5.5114638447971785e-06,True,True,resolved,True,500
Playgreen_Lake,RegFlow,WL,OK,0,0.60737,293,2,1,0.0019960079840319,0.0049604932147539,0.8888888888888888,0.000242504409171,True,True,unresolved_contemporaneous,True,500
Playgreen_Lake,SWE,Evap,OK,2,0.39872,328,8,1,0.0079840319361277,0.0167664670658682,0.9444444444444444,4.96031746031746e-05,True,True,resolved,True,500
Playgreen_Lake,SWE,P,OK,-1,0.34158,330,5,1,0.0039920159680638,0.0087782550083079,0.9444444444444444,4.96031746031746e-05,True,True,rejected_reverse,False,500
Playgreen_Lake,SWE,R,OK,6,0.44978,329,4,1,0.0019960079840319,0.0049604932147539,1.0,5.5114638447971785e-06,True,True,resolved,True,500
Playgreen_Lake,SWE,RegFlow,OK,6,0.22986,326,3,1,0.2714570858283433,0.3393213572854291,0.5555555555555556,0.0446152998236331,True,False,not_significant,False,500
Playgreen_Lake,SWE,T,OK,0,0.38591,333,3,1,0.0019960079840319,0.0049604932147539,0.1666666666666666,0.612202380952381,False,False,not_significant,False,500
Playgreen_Lake,SWE,WL,OK,-10,0.23442,288,2,1,0.405189620758483,0.4550257773223606,0.8888888888888888,0.000242504409171,True,False,not_significant,False,500
Playgreen_Lake,T,Evap,OK,2,0.34839,328,8,1,0.0019960079840319,0.0049604932147539,0.7222222222222222,0.0058862433862433,True,True,resolved,True,500
Playgreen_Lake,T,P,OK,2,0.13789,331,5,1,0.2974051896207584,0.3641696199437859,0.9444444444444444,4.96031746031746e-05,True,False,not_significant,False,500
Playgreen_Lake,T,R,OK,-10,0.20921,322,4,1,0.0479041916167664,0.0795247449764502,0.8888888888888888,0.000242504409171,True,False,not_significant,False,500
Playgreen_Lake,T,RegFlow,OK,-7,0.15783,323,3,1,0.3373253493013972,0.4013502739563366,0.9444444444444444,4.96031746031746e-05,True,False,not_significant,False,500
Playgreen_Lake,T,SWE,OK,2,0.45816,329,7,1,0.0019960079840319,0.0049604932147539,1.0,5.5114638447971785e-06,True,True,resolved,True,500
Playgreen_Lake,T,WL,OK,-10,0.22736,288,2,1,0.0858283433133732,0.1287425149700599,0.8333333333333334,0.0008542768959435,True,False,not_significant,False,500
Playgreen_Lake,WL,Evap,OK,12,0.25825,299,8,1,0.1896207584830339,0.248877245508982,0.2222222222222222,0.4767085537918871,False,False,not_significant,False,500
Playgreen_Lake,WL,P,OK,-2,0.32164,300,5,1,0.0039920159680638,0.0087782550083079,0.8333333333333334,0.0008542768959435,True,True,rejected_reverse,False,500
Playgreen_Lake,WL,R,OK,0,0.68396,303,4,1,0.0019960079840319,0.0049604932147539,0.5555555555555556,0.0446152998236331,True,True,unresolved_contemporaneous,True,500
Playgreen_Lake,WL,RegFlow,OK,2,0.75774,302,3,1,0.0019960079840319,0.0049604932147539,0.9444444444444444,4.96031746031746e-05,True,True,resolved,True,500
Playgreen_Lake,WL,SWE,OK,7,0.21283,300,7,1,0.5728542914171657,0.6060423234136262,0.9444444444444444,4.96031746031746e-05,True,False,not_significant,False,500
Playgreen_Lake,WL,T,OK,12,0.25626,299,3,1,0.0479041916167664,0.0795247449764502,0.9444444444444444,4.96031746031746e-05,True,False,not_significant,False,500
Rainy_Lake,Evap,P,OK,-4,0.21858,322,10,1,0.0518962075848303,0.0851422155688622,1.0,5.5114638447971785e-06,True,False,not_significant,False,500
Rainy_Lake,Evap,R,OK,2,0.29874,331,5,1,0.0139720558882235,0.0279441117764471,0.5555555555555556,0.0446152998236331,True,True,resolved,True,500
Rainy_Lake,Evap,RegFlow,OK,2,0.26918,321,5,1,0.0139720558882235,0.0279441117764471,0.9444444444444444,4.96031746031746e-05,True,True,resolved,True,500
Rainy_Lake,Evap,SWE,OK,3,0.31701,330,6,1,0.0039920159680638,0.0087782550083079,1.0,5.5114638447971785e-06,True,True,resolved,True,500
Rainy_Lake,Evap,T,OK,-1,0.47753,328,7,1,0.0019960079840319,0.0049604932147539,0.7222222222222222,0.0058862433862433,True,True,rejected_reverse,False,500
Rainy_Lake,Evap,WL,OK,3,0.18547,332,3,1,0.2075848303393213,0.2682634730538922,-0.1111111111111111,0.761414241622575,False,False,not_significant,False,500
Rainy_Lake,P,Evap,OK,4,0.15085,328,8,1,0.1377245508982036,0.1909053180767178,0.8888888888888888,0.000242504409171,True,False,not_significant,False,500
Rainy_Lake,P,R,OK,3,0.50218,331,5,1,0.0019960079840319,0.0049604932147539,0.9444444444444444,4.96031746031746e-05,True,True,resolved,True,500
Rainy_Lake,P,RegFlow,OK,1,0.43642,321,5,1,0.0019960079840319,0.0049604932147539,0.611111111111111,0.0247409611992945,True,True,resolved,True,500
Rainy_Lake,P,SWE,OK,7,0.12153,328,6,1,0.3692614770459081,0.4272003937330818,0.9444444444444444,4.96031746031746e-05,True,False,not_significant,False,500
Rainy_Lake,P,T,OK,5,0.11878,329,7,1,0.4570858283433133,0.5012429449195603,0.9444444444444444,4.96031746031746e-05,True,False,not_significant,False,500
Rainy_Lake,P,WL,OK,1,0.18812,333,3,1,0.0818363273453093,0.1245335416124273,0.7777777777777778,0.0024250440917107,True,False,not_significant,False,500
Rainy_Lake,R,Evap,OK,2,0.55251,328,8,1,0.0019960079840319,0.0049604932147539,0.9444444444444444,4.96031746031746e-05,True,True,resolved,True,500
Rainy_Lake,R,P,OK,2,0.65637,326,10,1,0.0019960079840319,0.0049604932147539,1.0,5.5114638447971785e-06,True,True,resolved,True,500
Rainy_Lake,R,RegFlow,OK,1,0.79256,321,5,1,0.0019960079840319,0.0049604932147539,0.7222222222222222,0.0058862433862433,True,True,resolved,True,500
Rainy_Lake,R,SWE,OK,3,0.52626,330,6,1,0.0019960079840319,0.0049604932147539,1.0,5.5114638447971785e-06,True,True,resolved,True,500
Rainy_Lake,R,T,OK,-5,0.30402,324,7,1,0.0059880239520958,0.0129637631952589,0.8888888888888888,0.000242504409171,True,True,rejected_reverse,False,500
Rainy_Lake,R,WL,OK,1,0.43303,333,3,1,0.0019960079840319,0.0049604932147539,0.3888888888888889,0.1801807760141093,False,False,not_significant,False,500
Rainy_Lake,RegFlow,Evap,OK,2,0.47823,326,8,1,0.0019960079840319,0.0049604932147539,1.0,5.5114638447971785e-06,True,True,resolved,True,500
Rainy_Lake,RegFlow,P,OK,1,0.6382,324,10,1,0.0019960079840319,0.0049604932147539,0.8888888888888888,0.000242504409171,True,True,resolved,True,500
Rainy_Lake,RegFlow,R,OK,0,0.7901,329,5,1,0.0019960079840319,0.0049604932147539,1.0,5.5114638447971785e-06,True,True,unresolved_contemporaneous,True,500
Rainy_Lake,RegFlow,SWE,OK,1,0.43467,328,6,1,0.0019960079840319,0.0049604932147539,0.8888888888888888,0.000242504409171,True,True,resolved,True,500
Rainy_Lake,RegFlow,T,OK,2,0.22233,327,7,1,0.091816367265469,0.1357847684911866,0.5555555555555556,0.0446152998236331,True,False,not_significant,False,500
Rainy_Lake,RegFlow,WL,OK,1,0.64028,331,3,1,0.0019960079840319,0.0049604932147539,1.0,5.5114638447971785e-06,True,True,resolved,True,500
Rainy_Lake,SWE,Evap,OK,6,0.53493,328,8,1,0.0019960079840319,0.0049604932147539,0.9444444444444444,4.96031746031746e-05,True,True,resolved,True,500
Rainy_Lake,SWE,P,OK,-1,0.39266,325,10,1,0.0019960079840319,0.0049604932147539,1.0,5.5114638447971785e-06,True,True,rejected_reverse,False,500
Rainy_Lake,SWE,R,OK,6,0.47861,329,5,1,0.0039920159680638,0.0087782550083079,1.0,5.5114638447971785e-06,True,True,resolved,True,500
Rainy_Lake,SWE,RegFlow,OK,5,0.43655,320,5,1,0.0059880239520958,0.0129637631952589,0.9444444444444444,4.96031746031746e-05,True,True,resolved,True,500
Rainy_Lake,SWE,T,OK,3,0.51309,329,7,1,0.0019960079840319,0.0049604932147539,0.8333333333333334,0.0008542768959435,True,True,resolved,True,500
Rainy_Lake,SWE,WL,OK,2,0.22558,333,3,1,0.2395209580838323,0.3048448557430593,0.7777777777777778,0.0024250440917107,True,False,not_significant,False,500
Rainy_Lake,T,Evap,OK,4,0.46394,328,8,1,0.0019960079840319,0.0049604932147539,0.9444444444444444,4.96031746031746e-05,True,True,resolved,True,500
Rainy_Lake,T,P,OK,-1,0.14044,325,10,1,0.2734530938123752,0.3408020753744736,0.8888888888888888,0.000242504409171,True,False,not_significant,False,500
Rainy_Lake,T,R,OK,1,0.18493,331,5,1,0.2894211576846307,0.3564718071189,0.9444444444444444,4.96031746031746e-05,True,False,not_significant,False,500
Rainy_Lake,T,RegFlow,OK,10,0.22239,315,5,1,0.0898203592814371,0.1337750031851191,0.9444444444444444,4.96031746031746e-05,True,False,not_significant,False,500
Rainy_Lake,T,SWE,OK,0,0.35811,330,6,1,0.0019960079840319,0.0049604932147539,1.0,5.5114638447971785e-06,True,True,unresolved_contemporaneous,True,500
Rainy_Lake,T,WL,OK,6,0.1417,329,3,1,0.5149700598802395,0.5531647702038378,0.9444444444444444,4.96031746031746e-05,True,False,not_significant,False,500
Rainy_Lake,WL,Evap,OK,0,0.30163,328,8,1,0.0159680638722554,0.0316348435205061,0.7222222222222222,0.0058862433862433,True,True,unresolved_contemporaneous,True,500
Rainy_Lake,WL,P,OK,1,0.56601,326,10,1,0.0019960079840319,0.0049604932147539,1.0,5.5114638447971785e-06,True,True,resolved,True,500
Rainy_Lake,WL,R,OK,0,0.63077,331,5,1,0.0019960079840319,0.0049604932147539,0.9444444444444444,4.96031746031746e-05,True,True,unresolved_contemporaneous,True,500
Rainy_Lake,WL,RegFlow,OK,1,0.73119,321,5,1,0.0019960079840319,0.0049604932147539,0.8888888888888888,0.000242504409171,True,True,resolved,True,500
Rainy_Lake,WL,SWE,OK,-3,0.27277,327,6,1,0.0998003992015968,0.1460493646852636,0.9444444444444444,4.96031746031746e-05,True,False,not_significant,False,500
Rainy_Lake,WL,T,OK,3,0.18385,329,7,1,0.3333333333333333,0.3999999999999999,0.7777777777777778,0.0024250440917107,True,False,not_significant,False,500
Sipiwesk_Lake,Evap,P,OK,10,0.18818,325,5,1,0.0279441117764471,0.0514759953776657,1.0,5.5114638447971785e-06,True,False,not_significant,False,500
Sipiwesk_Lake,Evap,R,OK,-10,0.15214,322,4,1,0.4071856287425149,0.4560479041916167,0.8333333333333334,0.0008542768959435,True,False,not_significant,False,500
Sipiwesk_Lake,Evap,RegFlow,OK,1,0.18275,330,3,1,0.497005988023952,0.5379961726032471,0.8888888888888888,0.000242504409171,True,False,not_significant,False,500
Sipiwesk_Lake,Evap,SWE,OK,2,0.14526,329,7,1,0.2455089820359281,0.3115219711634133,0.3888888888888889,0.1801807760141093,False,False,not_significant,False,500
Sipiwesk_Lake,Evap,T,OK,1,0.45565,333,3,1,0.0019960079840319,0.0049604932147539,1.0,5.5114638447971785e-06,True,True,resolved,True,500
Sipiwesk_Lake,Evap,WL,OK,-10,0.26379,231,5,1,0.1756487025948103,0.233457136360191,1.0,5.5114638447971785e-06,True,False,not_significant,False,500
Sipiwesk_Lake,P,Evap,OK,-7,0.1325,320,9,1,0.1277445109780439,0.1782481548530845,1.0,5.5114638447971785e-06,True,False,not_significant,False,500
Sipiwesk_Lake,P,R,OK,2,0.40569,332,4,1,0.0019960079840319,0.0049604932147539,0.9444444444444444,4.96031746031746e-05,True,True,resolved,True,500
Sipiwesk_Lake,P,RegFlow,OK,2,0.19419,330,3,1,0.0798403193612774,0.1223829712837099,0.6666666666666666,0.0126653439153439,True,False,not_significant,False,500
Sipiwesk_Lake,P,SWE,OK,-7,0.08703,322,7,1,0.6626746506986028,0.6821650816015028,0.8888888888888888,0.000242504409171,True,False,not_significant,False,500
Sipiwesk_Lake,P,T,OK,1,0.18558,333,3,1,0.1077844311377245,0.1545032801291614,0.8888888888888888,0.000242504409171,True,False,not_significant,False,500
Sipiwesk_Lake,P,WL,OK,-5,0.26011,234,5,1,0.0099800399201596,0.0204469110559369,1.0,5.5114638447971785e-06,True,True,rejected_reverse,False,500
Sipiwesk_Lake,R,Evap,OK,2,0.26471,327,9,1,0.0199600798403193,0.0381056069678824,1.0,5.5114638447971785e-06,True,True,resolved,True,500
Sipiwesk_Lake,R,P,OK,0,0.51069,331,5,1,0.0019960079840319,0.0049604932147539,0.5,0.0751763668430335,False,False,not_significant,False,500
Sipiwesk_Lake,R,RegFlow,OK,3,0.6268,329,3,1,0.0019960079840319,0.0049604932147539,1.0,5.5114638447971785e-06,True,True,resolved,True,500
Sipiwesk_Lake,R,SWE,OK,-3,0.44835,326,7,1,0.0019960079840319,0.0049604932147539,0.8888888888888888,0.000242504409171,True,True,rejected_reverse,False,500
Sipiwesk_Lake,R,T,OK,1,0.13084,333,3,1,0.5209580838323353,0.5567490972253966,0.5,0.0751763668430335,False,False,not_significant,False,500
Sipiwesk_Lake,R,WL,OK,3,0.64351,239,5,1,0.0019960079840319,0.0049604932147539,0.5,0.0751763668430335,False,False,not_significant,False,500
Sipiwesk_Lake,RegFlow,Evap,OK,-7,0.26935,319,9,1,0.0698602794411177,0.1090755292389199,1.0,5.5114638447971785e-06,True,False,not_significant,False,500
Sipiwesk_Lake,RegFlow,P,OK,-6,0.3409,324,5,1,0.0019960079840319,0.0049604932147539,0.8888888888888888,0.000242504409171,True,True,rejected_reverse,False,500
Sipiwesk_Lake,RegFlow,R,OK,-1,0.67931,330,4,1,0.0019960079840319,0.0049604932147539,0.8888888888888888,0.000242504409171,True,True,rejected_reverse,False,500
Sipiwesk_Lake,RegFlow,SWE,OK,-4,0.36295,324,7,1,0.0039920159680638,0.0087782550083079,0.9444444444444444,4.96031746031746e-05,True,True,rejected_reverse,False,500
Sipiwesk_Lake,RegFlow,T,OK,2,0.21561,332,3,1,0.0359281437125748,0.0631373236790018,1.0,5.5114638447971785e-06,True,False,not_significant,False,500
Sipiwesk_Lake,RegFlow,WL,OK,1,0.95248,239,5,1,0.0019960079840319,0.0049604932147539,0.8333333333333334,0.0008542768959435,True,True,resolved,True,500
Sipiwesk_Lake,SWE,Evap,OK,0,0.29946,327,9,1,0.0538922155688622,0.0880728814744052,1.0,5.5114638447971785e-06,True,False,not_significant,False,500
Sipiwesk_Lake,SWE,P,OK,-1,0.35584,330,5,1,0.0039920159680638,0.0087782550083079,1.0,5.5114638447971785e-06,True,True,rejected_reverse,False,500
Sipiwesk_Lake,SWE,R,OK,6,0.44967,329,4,1,0.0019960079840319,0.0049604932147539,1.0,5.5114638447971785e-06,True,True,resolved,True,500
Sipiwesk_Lake,SWE,RegFlow,OK,12,0.27933,320,3,1,0.2075848303393213,0.2682634730538922,1.0,5.5114638447971785e-06,True,False,not_significant,False,500
Sipiwesk_Lake,SWE,T,OK,0,0.38015,333,3,1,0.0039920159680638,0.0087782550083079,0.6666666666666666,0.0126653439153439,True,True,unresolved_contemporaneous,True,500
Sipiwesk_Lake,SWE,WL,OK,4,0.33356,239,5,1,0.3293413173652694,0.3986263783671849,0.9444444444444444,4.96031746031746e-05,True,False,not_significant,False,500
Sipiwesk_Lake,T,Evap,OK,7,0.37971,327,9,1,0.0019960079840319,0.0049604932147539,1.0,5.5114638447971785e-06,True,True,resolved,True,500
Sipiwesk_Lake,T,P,OK,2,0.13935,331,5,1,0.2974051896207584,0.3641696199437859,1.0,5.5114638447971785e-06,True,False,not_significant,False,500
Sipiwesk_Lake,T,R,OK,-10,0.21053,322,4,1,0.0319361277445109,0.0578154036754077,0.8888888888888888,0.000242504409171,True,False,not_significant,False,500
Sipiwesk_Lake,T,RegFlow,OK,-5,0.19992,325,3,1,0.0718562874251497,0.1109545614653046,1.0,5.5114638447971785e-06,True,False,not_significant,False,500
Sipiwesk_Lake,T,SWE,OK,2,0.42822,329,7,1,0.0019960079840319,0.0049604932147539,1.0,5.5114638447971785e-06,True,True,resolved,True,500
Sipiwesk_Lake,T,WL,OK,12,0.18354,231,5,1,0.3353293413173652,0.4001088731627653,1.0,5.5114638447971785e-06,True,False,not_significant,False,500
Sipiwesk_Lake,WL,Evap,OK,12,0.20567,294,9,1,0.3852295409181637,0.4384726481995359,0.8333333333333334,0.0008542768959435,True,False,not_significant,False,500
Sipiwesk_Lake,WL,P,OK,-3,0.36309,299,5,1,0.0019960079840319,0.0049604932147539,0.8888888888888888,0.000242504409171,True,True,rejected_reverse,False,500
Sipiwesk_Lake,WL,R,OK,-1,0.67848,302,4,1,0.0019960079840319,0.0049604932147539,0.0,1.0,False,False,not_significant,False,500
Sipiwesk_Lake,WL,RegFlow,OK,2,0.95114,302,3,1,0.0019960079840319,0.0049604932147539,1.0,5.5114638447971785e-06,True,True,resolved,True,500
Sipiwesk_Lake,WL,SWE,OK,-5,0.34935,295,7,1,0.0219560878243512,0.0417265017476359,1.0,5.5114638447971785e-06,True,True,rejected_reverse,False,500
Sipiwesk_Lake,WL,T,OK,-1,0.21612,303,3,1,0.0958083832335329,0.1411913016073117,1.0,5.5114638447971785e-06,True,False,not_significant,False,500
Skaha_Lake,Evap,P,OK,-2,0.09957,324,10,1,0.6147704590818364,0.6375397353441266,0.8888888888888888,0.000242504409171,True,False,not_significant,False,500
Skaha_Lake,Evap,R,OK,5,0.42667,330,5,1,0.0019960079840319,0.0049604932147539,1.0,5.5114638447971785e-06,True,True,resolved,True,500
Skaha_Lake,Evap,RegFlow,OK,-5,0.22088,327,4,1,0.0179640718562874,0.035092605486701,0.9444444444444444,4.96031746031746e-05,True,True,rejected_reverse,False,500
Skaha_Lake,Evap,SWE,OK,5,0.44873,330,6,1,0.0019960079840319,0.0049604932147539,1.0,5.5114638447971785e-06,True,True,resolved,True,500
Skaha_Lake,Evap,T,OK,0,0.12855,327,9,1,0.3972055888223553,0.4484579228639495,1.0,5.5114638447971785e-06,True,False,not_significant,False,500
Skaha_Lake,Evap,WL,OK,-11,0.13358,302,4,1,0.5988023952095808,0.6303183107469271,0.9444444444444444,4.96031746031746e-05,True,False,not_significant,False,500
Skaha_Lake,P,Evap,OK,6,0.16629,329,3,1,0.091816367265469,0.1357847684911866,0.9444444444444444,4.96031746031746e-05,True,False,not_significant,False,500
Skaha_Lake,P,R,OK,5,0.22623,330,5,1,0.0019960079840319,0.0049604932147539,0.8333333333333334,0.0008542768959435,True,True,resolved,True,500
Skaha_Lake,P,RegFlow,OK,2,0.24707,332,4,1,0.0039920159680638,0.0087782550083079,0.7222222222222222,0.0058862433862433,True,True,resolved,True,500
Skaha_Lake,P,SWE,OK,1,0.26378,330,6,1,0.0019960079840319,0.0049604932147539,0.6666666666666666,0.0126653439153439,True,True,resolved,True,500
Skaha_Lake,P,T,OK,5,0.25991,327,9,1,0.0019960079840319,0.0049604932147539,0.9444444444444444,4.96031746031746e-05,True,True,resolved,True,500
Skaha_Lake,P,WL,OK,1,0.17802,313,4,1,0.1177644710578842,0.1654216650311417,0.9444444444444444,4.96031746031746e-05,True,False,not_significant,False,500
Skaha_Lake,R,Evap,OK,0,0.26032,333,3,1,0.0239520958083832,0.0449101796407185,0.9444444444444444,4.96031746031746e-05,True,True,unresolved_contemporaneous,True,500
Skaha_Lake,R,P,OK,3,0.33173,326,10,1,0.0019960079840319,0.0049604932147539,0.9444444444444444,4.96031746031746e-05,True,True,resolved,True,500
Skaha_Lake,R,RegFlow,OK,4,0.52744,331,4,1,0.0019960079840319,0.0049604932147539,1.0,5.5114638447971785e-06,True,True,resolved,True,500
Skaha_Lake,R,SWE,OK,2,0.71694,330,6,1,0.0019960079840319,0.0049604932147539,0.9444444444444444,4.96031746031746e-05,True,True,resolved,True,500
Skaha_Lake,R,T,OK,11,0.17733,324,9,1,0.1117764471057884,0.158601715487943,1.0,5.5114638447971785e-06,True,False,not_significant,False,500
Skaha_Lake,R,WL,OK,1,0.14505,313,4,1,0.5169660678642715,0.5538922155688623,0.5555555555555556,0.0446152998236331,True,False,not_significant,False,500
Skaha_Lake,RegFlow,Evap,OK,-3,0.15139,330,3,1,0.2654690618762475,0.3358343553856143,0.8888888888888888,0.000242504409171,True,False,not_significant,False,500
Skaha_Lake,RegFlow,P,OK,2,0.59941,326,10,1,0.0019960079840319,0.0049604932147539,1.0,5.5114638447971785e-06,True,True,resolved,True,500
Skaha_Lake,RegFlow,R,OK,2,0.64908,331,5,1,0.0019960079840319,0.0049604932147539,0.3333333333333333,0.2595182980599647,False,False,not_significant,False,500
Skaha_Lake,RegFlow,SWE,OK,-1,0.56407,329,6,1,0.0019960079840319,0.0049604932147539,0.9444444444444444,4.96031746031746e-05,True,True,rejected_reverse,False,500
Skaha_Lake,RegFlow,T,OK,-8,0.22977,319,9,1,0.1836327345309381,0.2417735062789781,0.9444444444444444,4.96031746031746e-05,True,False,not_significant,False,500
Skaha_Lake,RegFlow,WL,OK,11,0.09515,305,4,1,0.936127744510978,0.9448728442395784,0.6666666666666666,0.0126653439153439,True,False,not_significant,False,500
Skaha_Lake,SWE,Evap,OK,1,0.31724,333,3,1,0.0019960079840319,0.0049604932147539,1.0,5.5114638447971785e-06,True,True,resolved,True,500
Skaha_Lake,SWE,P,OK,5,0.39351,326,10,1,0.0019960079840319,0.0049604932147539,0.8888888888888888,0.000242504409171,True,True,resolved,True,500
Skaha_Lake,SWE,R,OK,5,0.71757,330,5,1,0.0019960079840319,0.0049604932147539,1.0,5.5114638447971785e-06,True,True,resolved,True,500
Skaha_Lake,SWE,RegFlow,OK,5,0.48669,330,4,1,0.0019960079840319,0.0049604932147539,0.7777777777777778,0.0024250440917107,True,True,resolved,True,500
Skaha_Lake,SWE,T,OK,2,0.28963,327,9,1,0.0419161676646706,0.0709870581417809,0.4444444444444444,0.1194389329805996,False,False,not_significant,False,500
Skaha_Lake,SWE,WL,OK,-1,0.14573,312,4,1,0.6347305389221557,0.6566177988849886,-0.2777777777777778,0.3584876543209876,False,False,not_significant,False,500
Skaha_Lake,T,Evap,OK,1,0.21716,333,3,1,0.0259481037924151,0.048222139791214,1.0,5.5114638447971785e-06,True,True,resolved,True,500
Skaha_Lake,T,P,OK,3,0.2528,326,10,1,0.0239520958083832,0.0449101796407185,0.8333333333333334,0.0008542768959435,True,True,resolved,True,500
Skaha_Lake,T,R,OK,5,0.16146,330,5,1,0.1696606786427145,0.226214238190286,0.2222222222222222,0.4767085537918871,False,False,not_significant,False,500
Skaha_Lake,T,RegFlow,OK,-5,0.06233,327,4,1,0.93812375249501,0.9448728442395784,1.0,5.5114638447971785e-06,True,False,not_significant,False,500
Skaha_Lake,T,SWE,OK,4,0.22165,330,6,1,0.0479041916167664,0.0795247449764502,1.0,5.5114638447971785e-06,True,False,not_significant,False,500
Skaha_Lake,T,WL,OK,-12,0.23013,301,4,1,0.0339321357285429,0.0606446681105873,0.9444444444444444,4.96031746031746e-05,True,False,not_significant,False,500
Skaha_Lake,WL,Evap,OK,-3,0.12367,323,3,1,0.5229540918163673,0.5574637526976505,0.8888888888888888,0.000242504409171,True,False,not_significant,False,500
Skaha_Lake,WL,P,OK,4,0.14615,319,10,1,0.4950099800399201,0.5372201333766575,0.8333333333333334,0.0008542768959435,True,False,not_significant,False,500
Skaha_Lake,WL,R,OK,0,0.14056,324,5,1,0.6147704590818364,0.6375397353441266,0.9444444444444444,4.96031746031746e-05,True,False,not_significant,False,500
Skaha_Lake,WL,RegFlow,OK,-9,0.13147,316,4,1,0.499001996007984,0.5387682219109339,0.7777777777777778,0.0024250440917107,True,False,not_significant,False,500
Skaha_Lake,WL,SWE,OK,1,0.15993,323,6,1,0.4710578842315369,0.5138813282525858,1.0,5.5114638447971785e-06,True,False,not_significant,False,500
Skaha_Lake,WL,T,OK,8,0.0363,320,9,1,0.9680638722554892,0.9680638722554892,0.7777777777777778,0.0024250440917107,True,False,not_significant,False,500
Split_Lake,Evap,P,OK,-1,0.20455,328,7,1,0.0099800399201596,0.0204469110559369,1.0,5.5114638447971785e-06,True,True,rejected_reverse,False,500
Split_Lake,Evap,R,OK,-5,0.19618,328,3,1,0.1097804391217564,0.1568291987453664,0.9444444444444444,4.96031746031746e-05,True,False,not_significant,False,500
Split_Lake,Evap,RegFlow,OK,-10,0.27958,320,3,1,0.0239520958083832,0.0449101796407185,1.0,5.5114638447971785e-06,True,True,rejected_reverse,False,500
Split_Lake,Evap,SWE,OK,3,0.11513,329,7,1,0.4630738522954092,0.5064870259481038,0.7777777777777778,0.0024250440917107,True,False,not_significant,False,500
Split_Lake,Evap,T,OK,3,0.46046,328,8,1,0.0019960079840319,0.0049604932147539,0.9444444444444444,4.96031746031746e-05,True,True,resolved,True,500
Split_Lake,Evap,WL,OK,1,0.28197,304,3,1,0.0379241516966067,0.0652792775105526,0.9444444444444444,4.96031746031746e-05,True,False,not_significant,False,500
Split_Lake,P,Evap,OK,8,0.1016,326,10,1,0.311377245508982,0.3801698927725944,0.9444444444444444,4.96031746031746e-05,True,False,not_significant,False,500
Split_Lake,P,R,OK,1,0.40343,333,3,1,0.0019960079840319,0.0049604932147539,1.0,5.5114638447971785e-06,True,True,resolved,True,500
Split_Lake,P,RegFlow,OK,9,0.12214,323,3,1,0.6087824351297405,0.6344630837580422,0.7222222222222222,0.0058862433862433,True,False,not_significant,False,500
Split_Lake,P,SWE,OK,-1,0.08745,328,7,1,0.5788423153692615,0.6108386242590197,0.3888888888888889,0.1801807760141093,False,False,not_significant,False,500
Split_Lake,P,T,OK,-8,0.14269,320,8,1,0.1057884231536926,0.1532108197398307,0.9444444444444444,4.96031746031746e-05,True,False,not_significant,False,500
Split_Lake,P,WL,OK,-2,0.17514,302,3,1,0.1516966067864271,0.2082110289225471,0.9444444444444444,4.96031746031746e-05,True,False,not_significant,False,500
Split_Lake,R,Evap,OK,9,0.24791,326,10,1,0.0379241516966067,0.0652792775105526,1.0,5.5114638447971785e-06,True,False,not_significant,False,500
Split_Lake,R,P,OK,0,0.57471,329,7,1,0.0019960079840319,0.0049604932147539,1.0,5.5114638447971785e-06,True,True,unresolved_contemporaneous,True,500
Split_Lake,R,RegFlow,OK,3,0.586,329,3,1,0.0019960079840319,0.0049604932147539,0.3888888888888889,0.1801807760141093,False,False,not_significant,False,500
Split_Lake,R,SWE,OK,-3,0.38982,326,7,1,0.0019960079840319,0.0049604932147539,0.8888888888888888,0.000242504409171,True,True,rejected_reverse,False,500
Split_Lake,R,T,OK,-10,0.14509,318,8,1,0.3473053892215569,0.4108965168255039,1.0,5.5114638447971785e-06,True,False,not_significant,False,500
Split_Lake,R,WL,OK,3,0.60109,303,3,1,0.0019960079840319,0.0049604932147539,0.6666666666666666,0.0126653439153439,True,True,resolved,True,500
Split_Lake,RegFlow,Evap,OK,7,0.30785,325,10,1,0.1077844311377245,0.1545032801291614,1.0,5.5114638447971785e-06,True,False,not_significant,False,500
Split_Lake,RegFlow,P,OK,-5,0.42389,323,7,1,0.0019960079840319,0.0049604932147539,1.0,5.5114638447971785e-06,True,True,rejected_reverse,False,500
Split_Lake,RegFlow,R,OK,-1,0.63417,331,3,1,0.0019960079840319,0.0049604932147539,-0.8333333333333334,0.0008542768959435,False,False,not_significant,False,500
Split_Lake,RegFlow,SWE,OK,-5,0.33012,323,7,1,0.0359281437125748,0.0631373236790018,0.8888888888888888,0.000242504409171,True,False,not_significant,False,500
Split_Lake,RegFlow,T,OK,-12,0.18943,315,8,1,0.1636726546906187,0.2224676859872487,1.0,5.5114638447971785e-06,True,False,not_significant,False,500
Split_Lake,RegFlow,WL,OK,1,0.98323,303,3,1,0.0019960079840319,0.0049604932147539,1.0,5.5114638447971785e-06,True,True,resolved,True,500
Split_Lake,SWE,Evap,OK,2,0.26861,326,10,1,0.0758483033932135,0.1166896975280208,1.0,5.5114638447971785e-06,True,False,not_significant,False,500
Split_Lake,SWE,P,OK,2,0.35174,329,7,1,0.0039920159680638,0.0087782550083079,0.9444444444444444,4.96031746031746e-05,True,True,resolved,True,500
Split_Lake,SWE,R,OK,5,0.28287,330,3,1,0.0319361277445109,0.0578154036754077,0.8888888888888888,0.000242504409171,True,False,not_significant,False,500
Split_Lake,SWE,RegFlow,OK,12,0.38645,320,3,1,0.0359281437125748,0.0631373236790018,1.0,5.5114638447971785e-06,True,False,not_significant,False,500
Split_Lake,SWE,T,OK,0,0.48435,328,8,1,0.0019960079840319,0.0049604932147539,0.8888888888888888,0.000242504409171,True,True,unresolved_contemporaneous,True,500
Split_Lake,SWE,WL,OK,-12,0.2955,292,3,1,0.4291417165668663,0.4793604280800101,1.0,5.5114638447971785e-06,True,False,not_significant,False,500
Split_Lake,T,Evap,OK,9,0.33879,326,10,1,0.0019960079840319,0.0049604932147539,1.0,5.5114638447971785e-06,True,True,resolved,True,500
Split_Lake,T,P,OK,6,0.15803,329,7,1,0.1157684630738523,0.1631636056745569,0.9444444444444444,4.96031746031746e-05,True,False,not_significant,False,500
Split_Lake,T,R,OK,-10,0.232,323,3,1,0.0119760479041916,0.0241824044219253,0.8888888888888888,0.000242504409171,True,True,rejected_reverse,False,500
Split_Lake,T,RegFlow,OK,-10,0.19433,320,3,1,0.2015968063872255,0.2621382621753397,0.9444444444444444,4.96031746031746e-05,True,False,not_significant,False,500
Split_Lake,T,SWE,OK,2,0.33186,329,7,1,0.0019960079840319,0.0049604932147539,0.3888888888888889,0.1801807760141093,False,False,not_significant,False,500
Split_Lake,T,WL,OK,-11,0.18811,293,3,1,0.3532934131736527,0.415639309616062,0.8888888888888888,0.000242504409171,True,False,not_significant,False,500
Split_Lake,WL,Evap,OK,8,0.32693,309,10,1,0.2135728542914171,0.275155211050292,1.0,5.5114638447971785e-06,True,False,not_significant,False,500
Split_Lake,WL,P,OK,-5,0.40237,307,7,1,0.0019960079840319,0.0049604932147539,1.0,5.5114638447971785e-06,True,True,rejected_reverse,False,500
Split_Lake,WL,R,OK,-1,0.61757,315,3,1,0.0019960079840319,0.0049604932147539,-0.611111111111111,0.0247409611992945,False,False,not_significant,False,500
Split_Lake,WL,RegFlow,OK,2,0.98429,313,3,1,0.0019960079840319,0.0049604932147539,1.0,5.5114638447971785e-06,True,True,resolved,True,500
Split_Lake,WL,SWE,OK,-5,0.35371,307,7,1,0.0379241516966067,0.0652792775105526,0.9444444444444444,4.96031746031746e-05,True,False,not_significant,False,500
Split_Lake,WL,T,OK,-11,0.18,300,8,1,0.500998003992016,0.5395363119914018,1.0,5.5114638447971785e-06,True,False,not_significant,False,500
Vaseux_Lake,Evap,P,OK,-2,0.11049,324,10,1,0.4471057884231537,0.4941695556255909,0.8888888888888888,0.000242504409171,True,False,not_significant,False,500
Vaseux_Lake,Evap,R,OK,3,0.43553,331,5,1,0.0019960079840319,0.0049604932147539,1.0,5.5114638447971785e-06,True,True,resolved,True,500
Vaseux_Lake,Evap,RegFlow,OK,-7,0.25785,108,4,1,0.3712574850299401,0.4272003937330818,1.0,5.5114638447971785e-06,True,False,not_significant,False,500
Vaseux_Lake,Evap,SWE,OK,5,0.46751,330,6,1,0.0019960079840319,0.0049604932147539,1.0,5.5114638447971785e-06,True,True,resolved,True,500
Vaseux_Lake,Evap,T,OK,0,0.13659,327,9,1,0.2714570858283433,0.3393213572854291,1.0,5.5114638447971785e-06,True,False,not_significant,False,500
Vaseux_Lake,Evap,WL,OK,4,0.29781,328,8,1,0.0039920159680638,0.0087782550083079,1.0,5.5114638447971785e-06,True,True,resolved,True,500
Vaseux_Lake,P,Evap,OK,7,0.14846,328,2,1,0.2674650698602794,0.3373433313553074,1.0,5.5114638447971785e-06,True,False,not_significant,False,500
Vaseux_Lake,P,R,OK,5,0.23745,330,5,1,0.0019960079840319,0.0049604932147539,0.9444444444444444,4.96031746031746e-05,True,True,resolved,True,500
Vaseux_Lake,P,RegFlow,OK,1,0.49415,115,4,1,0.0019960079840319,0.0049604932147539,1.0,5.5114638447971785e-06,True,True,resolved,True,500
Vaseux_Lake,P,SWE,OK,1,0.26473,330,6,1,0.0019960079840319,0.0049604932147539,0.7222222222222222,0.0058862433862433,True,True,resolved,True,500
Vaseux_Lake,P,T,OK,5,0.23433,327,9,1,0.0059880239520958,0.0129637631952589,0.9444444444444444,4.96031746031746e-05,True,True,resolved,True,500
Vaseux_Lake,P,WL,OK,4,0.23439,328,8,1,0.0039920159680638,0.0087782550083079,1.0,5.5114638447971785e-06,True,True,resolved,True,500
Vaseux_Lake,R,Evap,OK,-2,0.16131,332,2,1,0.279441117764471,0.3462102343984597,1.0,5.5114638447971785e-06,True,False,not_significant,False,500
Vaseux_Lake,R,P,OK,3,0.32953,326,10,1,0.0019960079840319,0.0049604932147539,0.9444444444444444,4.96031746031746e-05,True,True,resolved,True,500
Vaseux_Lake,R,RegFlow,OK,3,0.42788,115,4,1,0.0379241516966067,0.0652792775105526,0.8888888888888888,0.000242504409171,True,False,not_significant,False,500
Vaseux_Lake,R,SWE,OK,2,0.72123,330,6,1,0.0019960079840319,0.0049604932147539,0.9444444444444444,4.96031746031746e-05,True,True,resolved,True,500
Vaseux_Lake,R,T,OK,11,0.16028,324,9,1,0.1656686626746507,0.2244543171721073,0.8888888888888888,0.000242504409171,True,False,not_significant,False,500
Vaseux_Lake,R,WL,OK,1,0.40582,328,8,1,0.0039920159680638,0.0087782550083079,0.8333333333333334,0.0008542768959435,True,True,resolved,True,500
Vaseux_Lake,RegFlow,Evap,OK,7,0.21834,111,2,1,0.4351297405189621,0.4847599231245731,1.0,5.5114638447971785e-06,True,False,not_significant,False,500
Vaseux_Lake,RegFlow,P,OK,-1,0.59617,118,10,1,0.0019960079840319,0.0049604932147539,1.0,5.5114638447971785e-06,True,True,rejected_reverse,False,500
Vaseux_Lake,RegFlow,R,OK,2,0.62105,116,5,1,0.0019960079840319,0.0049604932147539,1.0,5.5114638447971785e-06,True,True,resolved,True,500
Vaseux_Lake,RegFlow,SWE,OK,-1,0.52084,118,6,1,0.0099800399201596,0.0204469110559369,1.0,5.5114638447971785e-06,True,True,rejected_reverse,False,500
Vaseux_Lake,RegFlow,T,OK,10,0.24661,108,9,1,0.3612774451097804,0.4214903526280772,0.9444444444444444,4.96031746031746e-05,True,False,not_significant,False,500
Vaseux_Lake,RegFlow,WL,OK,1,0.82475,117,8,1,0.0019960079840319,0.0049604932147539,0.8888888888888888,0.000242504409171,True,True,resolved,True,500
Vaseux_Lake,SWE,Evap,OK,1,0.28906,334,2,1,0.0019960079840319,0.0049604932147539,0.8888888888888888,0.000242504409171,True,True,resolved,True,500
Vaseux_Lake,SWE,P,OK,5,0.39267,326,10,1,0.0019960079840319,0.0049604932147539,0.7222222222222222,0.0058862433862433,True,True,resolved,True,500
Vaseux_Lake,SWE,R,OK,5,0.71871,330,5,1,0.0019960079840319,0.0049604932147539,1.0,5.5114638447971785e-06,True,True,resolved,True,500
Vaseux_Lake,SWE,RegFlow,OK,10,0.30864,115,4,1,0.6067864271457086,0.6344630837580422,0.9444444444444444,4.96031746031746e-05,True,False,not_significant,False,500
Vaseux_Lake,SWE,T,OK,2,0.24817,327,9,1,0.0978043912175648,0.1436288262635568,0.0555555555555555,0.919455467372134,False,False,not_significant,False,500
Vaseux_Lake,SWE,WL,OK,4,0.43229,328,8,1,0.0179640718562874,0.035092605486701,0.9444444444444444,4.96031746031746e-05,True,True,resolved,True,500
Vaseux_Lake,T,Evap,OK,3,0.16374,332,2,1,0.1776447105788423,0.2353652316817469,0.7777777777777778,0.0024250440917107,True,False,not_significant,False,500
Vaseux_Lake,T,P,OK,3,0.23492,326,10,1,0.029940119760479,0.0549120100410532,0.8888888888888888,0.000242504409171,True,False,not_significant,False,500
Vaseux_Lake,T,R,OK,5,0.17116,330,5,1,0.1137724550898203,0.160890340531059,0.7777777777777778,0.0024250440917107,True,False,not_significant,False,500
Vaseux_Lake,T,RegFlow,OK,-5,0.23974,110,4,1,0.3672654690618762,0.4261091077513481,1.0,5.5114638447971785e-06,True,False,not_significant,False,500
Vaseux_Lake,T,SWE,OK,4,0.21439,330,6,1,0.0578842315369261,0.0938663214112315,1.0,5.5114638447971785e-06,True,False,not_significant,False,500
Vaseux_Lake,T,WL,OK,-1,0.26013,327,8,1,0.0339321357285429,0.0606446681105873,0.7222222222222222,0.0058862433862433,True,False,not_significant,False,500
Vaseux_Lake,WL,Evap,OK,3,0.22067,332,2,1,0.0319361277445109,0.0578154036754077,1.0,5.5114638447971785e-06,True,False,not_significant,False,500
Vaseux_Lake,WL,P,OK,3,0.36744,326,10,1,0.0039920159680638,0.0087782550083079,0.9444444444444444,4.96031746031746e-05,True,True,resolved,True,500
Vaseux_Lake,WL,R,OK,3,0.46278,331,5,1,0.0019960079840319,0.0049604932147539,0.611111111111111,0.0247409611992945,True,True,resolved,True,500
Vaseux_Lake,WL,RegFlow,OK,3,0.81278,115,4,1,0.0019960079840319,0.0049604932147539,0.8333333333333334,0.0008542768959435,True,True,resolved,True,500
Vaseux_Lake,WL,SWE,OK,1,0.28197,330,6,1,0.0558882235528942,0.0909808290395952,0.9444444444444444,4.96031746031746e-05,True,False,not_significant,False,500
Vaseux_Lake,WL,T,OK,-6,0.27625,321,9,1,0.0379241516966067,0.0652792775105526,0.8888888888888888,0.000242504409171,True,False,not_significant,False,500
