cause,effect,status,obs_lag,obs_rho,obs_n,p_value,null_mean,null_std,n_valid_surrogates,convergence_diagnostic_pass,kendall_tau,kendall_p,completed_at,cause_lake,effect_lake,p_fdr,statistically_significant,lag_resolution,causal_evidence,waterway_connected,tier
Kalamalka_Lake,Kiskitto_Lake,OK,-11,0.3991,268,0.0359281437125748,0.25397126,0.072487770834896,500,False,0.3333333333333333,0.2595182980599647,2026-08-27T12:12:25,Kalamalka_Lake,Kiskitto_Lake,0.0850929719508351,False,not_significant,False,False,4_different_basin
Kalamalka_Lake,Lake_of_the_Woods,OK,-9,0.43907,320,0.0019960079840319,0.24197746,0.0631958208661648,500,True,0.9444444444444444,4.96031746031746e-05,2026-08-27T12:17:25,Kalamalka_Lake,Lake_of_the_Woods,0.0094547746612039,True,rejected_reverse,False,False,4_different_basin
Kalamalka_Lake,Okanagan_Lake,OK,1,0.6289,330,0.0019960079840319,0.2231705999999999,0.0611628055899989,500,True,0.7222222222222222,0.0058862433862433,2026-08-27T12:00:33,Kalamalka_Lake,Okanagan_Lake,0.0094547746612039,True,resolved,True,True,1_direct
Kalamalka_Lake,Playgreen_Lake,OK,-4,0.3451,289,0.0459081836327345,0.22071668,0.0668337160314881,500,False,-0.3333333333333333,0.2595182980599647,2026-08-27T12:11:20,Kalamalka_Lake,Playgreen_Lake,0.0983746792130025,False,not_significant,False,False,4_different_basin
Kalamalka_Lake,Rainy_Lake,OK,9,0.17242,322,0.5888223552894212,0.19240972,0.0657510659314478,500,True,0.7222222222222222,0.0058862433862433,2026-08-27T12:08:51,Kalamalka_Lake,Rainy_Lake,0.7065868263473054,False,not_significant,False,False,4_different_basin
Kalamalka_Lake,Sipiwesk_Lake,OK,-2,0.44669,235,0.091816367265469,0.34082252,0.0769917414795223,500,False,-0.2222222222222222,0.4767085537918871,2026-08-27T12:11:38,Kalamalka_Lake,Sipiwesk_Lake,0.1758185756147279,False,not_significant,False,False,4_different_basin
Kalamalka_Lake,Skaha_Lake,OK,2,0.10044,309,0.8962075848303394,0.1899104999999999,0.0697683374887921,500,True,0.8333333333333334,0.0008542768959435,2026-08-27T12:16:33,Kalamalka_Lake,Skaha_Lake,0.916575939031029,False,not_significant,False,False,2_same_subsystem_indirect
Kalamalka_Lake,Split_Lake,OK,3,0.44477,299,0.0179640718562874,0.293597,0.0653114904392787,500,True,0.9444444444444444,4.96031746031746e-05,2026-08-27T12:12:49,Kalamalka_Lake,Split_Lake,0.0521537570021247,False,not_significant,False,False,4_different_basin
Kalamalka_Lake,Vaseux_Lake,OK,6,0.49227,324,0.0019960079840319,0.28900552,0.0737367363634274,500,True,0.7777777777777778,0.0024250440917107,2026-08-27T12:36:16,Kalamalka_Lake,Vaseux_Lake,0.0094547746612039,True,resolved,True,False,2_same_subsystem_indirect
Kiskitto_Lake,Kalamalka_Lake,OK,6,0.40076,279,0.1876247504990019,0.32672754,0.0826314879434492,500,True,0.6666666666666666,0.0126653439153439,2026-08-27T12:05:16,Kiskitto_Lake,Kalamalka_Lake,0.3127079174983366,False,not_significant,False,False,4_different_basin
Kiskitto_Lake,Lake_of_the_Woods,OK,3,0.48112,295,0.0019960079840319,0.25373814,0.0677726345388785,500,True,0.8888888888888888,0.000242504409171,2026-08-27T11:59:00,Kiskitto_Lake,Lake_of_the_Woods,0.0094547746612039,True,resolved,True,False,3_same_basin_diff_subsystem
Kiskitto_Lake,Okanagan_Lake,OK,3,0.33032,295,0.1137724550898203,0.24811956,0.071089773032458,500,True,1.0,5.5114638447971785e-06,2026-08-27T11:55:01,Kiskitto_Lake,Okanagan_Lake,0.2089698154710986,False,not_significant,False,False,4_different_basin
Kiskitto_Lake,Playgreen_Lake,OK,1,0.53351,267,0.0019960079840319,0.24733098,0.085952556876684,500,True,0.7777777777777778,0.0024250440917107,2026-08-27T11:55:07,Kiskitto_Lake,Playgreen_Lake,0.0094547746612039,True,resolved,True,False,2_same_subsystem_indirect
Kiskitto_Lake,Rainy_Lake,OK,7,0.23942,291,0.311377245508982,0.2058317999999999,0.0729886102454348,500,True,0.8333333333333334,0.0008542768959435,2026-08-27T12:05:19,Kiskitto_Lake,Rainy_Lake,0.4246053347849755,False,not_significant,False,False,3_same_basin_diff_subsystem
Kiskitto_Lake,Sipiwesk_Lake,OK,2,0.55243,208,0.0279441117764471,0.3480951,0.1021447035170693,500,True,0.7222222222222222,0.0058862433862433,2026-08-27T12:26:23,Kiskitto_Lake,Sipiwesk_Lake,0.0698602794411177,False,not_significant,False,True,1_direct
Kiskitto_Lake,Skaha_Lake,OK,-4,0.16199,275,0.688622754491018,0.19499106,0.0642621785677734,500,False,0.3888888888888889,0.1801807760141093,2026-08-27T11:59:06,Kiskitto_Lake,Skaha_Lake,0.7945647167204053,False,not_significant,False,False,4_different_basin
Kiskitto_Lake,Split_Lake,OK,2,0.61035,267,0.0019960079840319,0.2822237999999999,0.0895872912524985,500,True,1.0,5.5114638447971785e-06,2026-08-27T12:08:11,Kiskitto_Lake,Split_Lake,0.0094547746612039,True,resolved,True,False,2_same_subsystem_indirect
Kiskitto_Lake,Vaseux_Lake,OK,-11,0.47103,280,0.091816367265469,0.33325882,0.095488613585116,500,True,0.5555555555555556,0.0446152998236331,2026-08-27T11:54:44,Kiskitto_Lake,Vaseux_Lake,0.1758185756147279,False,not_significant,False,False,4_different_basin
Lake_of_the_Woods,Kalamalka_Lake,OK,7,0.41151,315,0.0199600798403193,0.27638152,0.0624998059748156,500,True,1.0,5.5114638447971785e-06,2026-08-27T11:58:59,Lake_of_the_Woods,Kalamalka_Lake,0.0544365813826891,False,not_significant,False,False,4_different_basin
Lake_of_the_Woods,Kiskitto_Lake,OK,2,0.31387,282,0.24750499001996,0.2697450999999999,0.0599513856035871,500,True,0.9444444444444444,4.96031746031746e-05,2026-08-27T12:12:11,Lake_of_the_Woods,Kiskitto_Lake,0.3712574850299401,False,not_significant,False,False,3_same_basin_diff_subsystem
Lake_of_the_Woods,Okanagan_Lake,OK,6,0.18845,329,0.5708582834331337,0.19878072,0.048009946522378,500,True,1.0,5.5114638447971785e-06,2026-08-27T12:19:20,Lake_of_the_Woods,Okanagan_Lake,0.6942871014727302,False,not_significant,False,False,4_different_basin
Lake_of_the_Woods,Playgreen_Lake,OK,2,0.29989,293,0.0778443113772455,0.2129096,0.0583102777719331,500,True,0.7777777777777778,0.0024250440917107,2026-08-27T12:08:55,Lake_of_the_Woods,Playgreen_Lake,0.155688622754491,False,not_significant,False,False,3_same_basin_diff_subsystem
Lake_of_the_Woods,Rainy_Lake,OK,0,0.47414,333,0.0019960079840319,0.18896396,0.0707744539612874,500,True,0.7222222222222222,0.0058862433862433,2026-08-27T12:05:20,Lake_of_the_Woods,Rainy_Lake,0.0094547746612039,True,unresolved_contemporaneous,True,True,1_direct
Lake_of_the_Woods,Sipiwesk_Lake,OK,3,0.5092,239,0.0119760479041916,0.32512158,0.0839161052724898,500,True,0.8333333333333334,0.0008542768959435,2026-08-27T12:21:42,Lake_of_the_Woods,Sipiwesk_Lake,0.0399201596806387,True,resolved,True,False,3_same_basin_diff_subsystem
Lake_of_the_Woods,Skaha_Lake,OK,0,0.06413,313,0.9461077844311376,0.1508146,0.0604393414163324,500,True,0.8888888888888888,0.000242504409171,2026-08-27T12:09:55,Lake_of_the_Woods,Skaha_Lake,0.9567382089753078,False,not_significant,False,False,4_different_basin
Lake_of_the_Woods,Split_Lake,OK,3,0.45791,303,0.0119760479041916,0.27585866,0.0694547318935463,500,True,0.9444444444444444,4.96031746031746e-05,2026-08-27T11:54:20,Lake_of_the_Woods,Split_Lake,0.0399201596806387,True,resolved,True,False,3_same_basin_diff_subsystem
Lake_of_the_Woods,Vaseux_Lake,OK,-9,0.18023,319,0.8502994011976048,0.2520415,0.0676134398411292,500,True,0.9444444444444444,4.96031746031746e-05,2026-08-27T12:11:42,Lake_of_the_Woods,Vaseux_Lake,0.9129975343430786,False,not_significant,False,False,4_different_basin
Okanagan_Lake,Kalamalka_Lake,OK,2,0.72103,319,0.0019960079840319,0.2991721,0.0699427985927786,500,True,0.9444444444444444,4.96031746031746e-05,2026-08-27T11:56:44,Okanagan_Lake,Kalamalka_Lake,0.0094547746612039,True,resolved,True,True,1_direct
Okanagan_Lake,Kiskitto_Lake,OK,-5,0.42684,278,0.029940119760479,0.26826362,0.0678720257683207,500,True,0.8888888888888888,0.000242504409171,2026-08-27T12:22:44,Okanagan_Lake,Kiskitto_Lake,0.0728273183363003,False,not_significant,False,False,4_different_basin
Okanagan_Lake,Lake_of_the_Woods,OK,0,0.27525,333,0.311377245508982,0.2443718,0.0626031945603417,500,True,1.0,5.5114638447971785e-06,2026-08-27T12:21:46,Okanagan_Lake,Lake_of_the_Woods,0.4246053347849755,False,not_significant,False,False,4_different_basin
Okanagan_Lake,Playgreen_Lake,OK,-3,0.37913,292,0.0179640718562874,0.20567212,0.0682900386579594,500,True,0.8888888888888888,0.000242504409171,2026-08-27T12:12:42,Okanagan_Lake,Playgreen_Lake,0.0521537570021247,False,not_significant,False,False,4_different_basin
Okanagan_Lake,Rainy_Lake,OK,-9,0.2432,324,0.2874251497005988,0.20854898,0.0661277390476916,500,True,0.8888888888888888,0.000242504409171,2026-08-27T12:15:21,Okanagan_Lake,Rainy_Lake,0.4106073567151411,False,not_significant,False,False,4_different_basin
Okanagan_Lake,Sipiwesk_Lake,OK,3,0.50236,239,0.0279441117764471,0.32915664,0.0802529689164855,500,True,1.0,5.5114638447971785e-06,2026-08-27T12:02:14,Okanagan_Lake,Sipiwesk_Lake,0.0698602794411177,False,not_significant,False,False,4_different_basin
Okanagan_Lake,Skaha_Lake,OK,2,0.2073,313,0.3712574850299401,0.18666782,0.0644369942024579,500,True,0.8333333333333334,0.0008542768959435,2026-08-27T12:14:13,Okanagan_Lake,Skaha_Lake,0.4913702007749207,False,not_significant,False,True,1_direct
Okanagan_Lake,Split_Lake,OK,-1,0.42837,303,0.0179640718562874,0.2692722999999999,0.0718701076700877,500,True,1.0,5.5114638447971785e-06,2026-08-27T12:23:31,Okanagan_Lake,Split_Lake,0.0521537570021247,False,not_significant,False,False,4_different_basin
Okanagan_Lake,Vaseux_Lake,OK,7,0.47479,328,0.0119760479041916,0.31197346,0.0666921837626299,500,True,0.8888888888888888,0.000242504409171,2026-08-27T11:54:38,Okanagan_Lake,Vaseux_Lake,0.0399201596806387,True,resolved,True,False,2_same_subsystem_indirect
Playgreen_Lake,Kalamalka_Lake,OK,6,0.51882,290,0.0059880239520958,0.31562364,0.0764291967087866,500,True,1.0,5.5114638447971785e-06,2026-08-27T12:06:50,Playgreen_Lake,Kalamalka_Lake,0.0256629597946963,True,resolved,True,False,4_different_basin
Playgreen_Lake,Kiskitto_Lake,OK,1,0.4503,266,0.0399201596806387,0.2809402599999999,0.0845116075041316,500,False,-0.9444444444444444,4.96031746031746e-05,2026-08-27T12:04:34,Playgreen_Lake,Kiskitto_Lake,0.0876296188111581,False,not_significant,False,False,2_same_subsystem_indirect
Playgreen_Lake,Lake_of_the_Woods,OK,0,0.40625,304,0.0259481037924151,0.24965508,0.0685864411804082,500,True,0.9444444444444444,4.96031746031746e-05,2026-08-27T12:01:22,Playgreen_Lake,Lake_of_the_Woods,0.0686861570975695,False,not_significant,False,False,3_same_basin_diff_subsystem
Playgreen_Lake,Okanagan_Lake,OK,1,0.40138,306,0.0099800399201596,0.22191604,0.0636322862006261,500,True,0.9444444444444444,4.96031746031746e-05,2026-08-27T11:53:05,Playgreen_Lake,Okanagan_Lake,0.0399201596806387,True,resolved,True,False,4_different_basin
Playgreen_Lake,Rainy_Lake,OK,-1,0.26312,303,0.1696606786427145,0.19146124,0.0743989245410335,500,False,0.4444444444444444,0.1194389329805996,2026-08-27T11:56:07,Playgreen_Lake,Rainy_Lake,0.2881030392046096,False,not_significant,False,False,3_same_basin_diff_subsystem
Playgreen_Lake,Sipiwesk_Lake,OK,2,0.78703,217,0.0019960079840319,0.3685557,0.0930042075247673,500,False,0.0,1.0,2026-08-27T12:11:43,Playgreen_Lake,Sipiwesk_Lake,0.0094547746612039,False,not_significant,False,True,1_direct
Playgreen_Lake,Skaha_Lake,OK,-2,0.23998,282,0.2115768463073852,0.17780852,0.0736540761710416,500,True,1.0,5.5114638447971785e-06,2026-08-27T12:08:13,Playgreen_Lake,Skaha_Lake,0.3400342172797262,False,not_significant,False,False,4_different_basin
Playgreen_Lake,Split_Lake,OK,2,0.77935,281,0.0019960079840319,0.29904366,0.0854654141322933,500,True,0.7777777777777778,0.0024250440917107,2026-08-27T11:54:32,Playgreen_Lake,Split_Lake,0.0094547746612039,True,resolved,True,False,2_same_subsystem_indirect
Playgreen_Lake,Vaseux_Lake,OK,-12,0.33465,287,0.4730538922155688,0.32724602,0.0819159480929055,500,True,0.9444444444444444,4.96031746031746e-05,2026-08-27T11:55:17,Playgreen_Lake,Vaseux_Lake,0.5913173652694611,False,not_significant,False,False,4_different_basin
Rainy_Lake,Kalamalka_Lake,OK,5,0.32653,317,0.2994011976047904,0.28850734,0.0830386956395896,500,True,1.0,5.5114638447971785e-06,2026-08-27T12:06:34,Rainy_Lake,Kalamalka_Lake,0.4210329341317365,False,not_significant,False,False,4_different_basin
Rainy_Lake,Kiskitto_Lake,OK,0,0.33566,283,0.2395209580838323,0.28296832,0.0759116723855929,500,True,1.0,5.5114638447971785e-06,2026-08-27T11:55:52,Rainy_Lake,Kiskitto_Lake,0.3653709530092358,False,not_significant,False,False,3_same_basin_diff_subsystem
Rainy_Lake,Lake_of_the_Woods,OK,1,0.58927,333,0.0019960079840319,0.26333176,0.0707203410377976,500,True,0.9444444444444444,4.96031746031746e-05,2026-08-27T12:09:24,Rainy_Lake,Lake_of_the_Woods,0.0094547746612039,True,resolved,True,True,1_direct
Rainy_Lake,Okanagan_Lake,OK,6,0.40721,329,0.0119760479041916,0.22360976,0.0689337286728521,500,True,1.0,5.5114638447971785e-06,2026-08-27T12:08:13,Rainy_Lake,Okanagan_Lake,0.0399201596806387,True,resolved,True,False,4_different_basin
Rainy_Lake,Playgreen_Lake,OK,1,0.28585,294,0.2115768463073852,0.2267532999999999,0.0785714155460495,500,False,0.0555555555555555,0.919455467372134,2026-08-27T11:54:53,Rainy_Lake,Playgreen_Lake,0.3400342172797262,False,not_significant,False,False,3_same_basin_diff_subsystem
Rainy_Lake,Sipiwesk_Lake,OK,6,0.6492,237,0.0019960079840319,0.32814714,0.1013369893751556,500,True,1.0,5.5114638447971785e-06,2026-08-27T11:54:21,Rainy_Lake,Sipiwesk_Lake,0.0094547746612039,True,resolved,True,False,3_same_basin_diff_subsystem
Rainy_Lake,Skaha_Lake,OK,-4,0.21356,309,0.279441117764471,0.17997886,0.0751194448814712,500,True,0.8888888888888888,0.000242504409171,2026-08-27T12:12:28,Rainy_Lake,Skaha_Lake,0.4085377631833108,False,not_significant,False,False,4_different_basin
Rainy_Lake,Split_Lake,OK,3,0.56695,303,0.0059880239520958,0.31242984,0.0934822607791146,500,True,0.9444444444444444,4.96031746031746e-05,2026-08-27T12:11:07,Rainy_Lake,Split_Lake,0.0256629597946963,True,resolved,True,False,3_same_basin_diff_subsystem
Rainy_Lake,Vaseux_Lake,OK,-12,0.43999,316,0.0399201596806387,0.29403858,0.0748667383541155,500,True,1.0,5.5114638447971785e-06,2026-08-27T12:00:37,Rainy_Lake,Vaseux_Lake,0.0876296188111581,False,not_significant,False,False,4_different_basin
Sipiwesk_Lake,Kalamalka_Lake,OK,3,0.5075,291,0.0119760479041916,0.31990422,0.0698347844987839,500,True,1.0,5.5114638447971785e-06,2026-08-27T12:06:37,Sipiwesk_Lake,Kalamalka_Lake,0.0399201596806387,True,resolved,True,False,4_different_basin
Sipiwesk_Lake,Kiskitto_Lake,OK,7,0.38248,253,0.0958083832335329,0.28760176,0.0694217419379721,500,True,0.8888888888888888,0.000242504409171,2026-08-27T12:01:49,Sipiwesk_Lake,Kiskitto_Lake,0.1796407185628742,False,not_significant,False,True,1_direct
Sipiwesk_Lake,Lake_of_the_Woods,OK,1,0.28674,304,0.4251497005988024,0.28236936,0.0737266131976127,500,False,-0.3888888888888889,0.1801807760141093,2026-08-27T12:05:23,Sipiwesk_Lake,Lake_of_the_Woods,0.5466210436270317,False,not_significant,False,False,3_same_basin_diff_subsystem
Sipiwesk_Lake,Okanagan_Lake,OK,2,0.24704,304,0.281437125748503,0.2188984,0.0571373543930763,500,True,0.9444444444444444,4.96031746031746e-05,2026-08-27T12:19:30,Sipiwesk_Lake,Okanagan_Lake,0.4085377631833108,False,not_significant,False,False,4_different_basin
Sipiwesk_Lake,Playgreen_Lake,OK,0,0.67812,267,0.0019960079840319,0.2544408,0.0755102483306736,500,True,0.9444444444444444,4.96031746031746e-05,2026-08-27T12:02:24,Sipiwesk_Lake,Playgreen_Lake,0.0094547746612039,True,unresolved_contemporaneous,True,True,1_direct
Sipiwesk_Lake,Rainy_Lake,OK,-2,0.3586,302,0.0778443113772455,0.2444064,0.075776451623443,500,True,0.7777777777777778,0.0024250440917107,2026-08-27T12:12:22,Sipiwesk_Lake,Rainy_Lake,0.155688622754491,False,not_significant,False,False,3_same_basin_diff_subsystem
Sipiwesk_Lake,Skaha_Lake,OK,-3,0.17459,281,0.4630738522954092,0.1745206,0.0749428150047754,500,True,0.6666666666666666,0.0126653439153439,2026-08-27T12:18:38,Sipiwesk_Lake,Skaha_Lake,0.5869950240364342,False,not_significant,False,False,4_different_basin
Sipiwesk_Lake,Split_Lake,OK,2,0.94009,277,0.0019960079840319,0.3339254399999999,0.0859151011522793,500,True,0.6666666666666666,0.0126653439153439,2026-08-27T12:09:41,Sipiwesk_Lake,Split_Lake,0.0094547746612039,True,resolved,True,True,1_direct
Sipiwesk_Lake,Vaseux_Lake,OK,-12,0.25556,287,0.8183632734530938,0.3167504,0.0693805376300875,500,True,0.8333333333333334,0.0008542768959435,2026-08-27T11:57:41,Sipiwesk_Lake,Vaseux_Lake,0.9129975343430786,False,not_significant,False,False,4_different_basin
Skaha_Lake,Kalamalka_Lake,OK,12,0.17294,303,0.8882235528942116,0.23200848,0.0504350018071735,500,True,0.9444444444444444,4.96031746031746e-05,2026-08-27T12:25:20,Skaha_Lake,Kalamalka_Lake,0.916575939031029,False,not_significant,False,False,2_same_subsystem_indirect
Skaha_Lake,Kiskitto_Lake,OK,6,0.27789,272,0.12375249500998,0.2190350199999999,0.0490091746084302,500,True,1.0,5.5114638447971785e-06,2026-08-27T11:55:34,Skaha_Lake,Kiskitto_Lake,0.2141870105941962,False,not_significant,False,False,4_different_basin
Skaha_Lake,Lake_of_the_Woods,OK,8,0.25552,320,0.2355289421157684,0.2207245199999999,0.0492758098377855,500,True,1.0,5.5114638447971785e-06,2026-08-27T12:18:41,Skaha_Lake,Lake_of_the_Woods,0.3653709530092358,False,not_significant,False,False,4_different_basin
Skaha_Lake,Okanagan_Lake,OK,7,0.20943,321,0.3253493013972056,0.193105,0.0441210732031758,500,True,0.9444444444444444,4.96031746031746e-05,2026-08-27T12:06:55,Skaha_Lake,Okanagan_Lake,0.4370363750111716,False,not_significant,False,True,1_direct
Skaha_Lake,Playgreen_Lake,OK,-10,0.19202,283,0.5189620758483033,0.1960395999999999,0.0512198005095685,500,True,0.9444444444444444,4.96031746031746e-05,2026-08-27T12:07:14,Skaha_Lake,Playgreen_Lake,0.6398162578951685,False,not_significant,False,False,4_different_basin
Skaha_Lake,Rainy_Lake,OK,12,0.18719,316,0.4251497005988024,0.18038938,0.0461098302731163,500,True,0.9444444444444444,4.96031746031746e-05,2026-08-27T12:26:18,Skaha_Lake,Rainy_Lake,0.5466210436270317,False,not_significant,False,False,4_different_basin
Skaha_Lake,Sipiwesk_Lake,OK,-7,0.24671,225,0.6786427145708582,0.27169662,0.0582288790513401,500,True,1.0,5.5114638447971785e-06,2026-08-27T12:16:05,Skaha_Lake,Sipiwesk_Lake,0.7932187572906135,False,not_significant,False,False,4_different_basin
Skaha_Lake,Split_Lake,OK,11,0.12935,288,0.9840319361277444,0.21326432,0.0485470445334996,500,True,1.0,5.5114638447971785e-06,2026-08-27T12:10:57,Skaha_Lake,Split_Lake,0.9840319361277444,False,not_significant,False,False,4_different_basin
Skaha_Lake,Vaseux_Lake,OK,4,0.41263,321,0.0019960079840319,0.2281091799999999,0.0574816490536553,500,True,1.0,5.5114638447971785e-06,2026-08-27T11:55:32,Skaha_Lake,Vaseux_Lake,0.0094547746612039,True,resolved,True,True,1_direct
Split_Lake,Kalamalka_Lake,OK,2,0.55303,303,0.0019960079840319,0.3241381,0.0699232214889302,500,True,1.0,5.5114638447971785e-06,2026-08-27T12:26:57,Split_Lake,Kalamalka_Lake,0.0094547746612039,True,resolved,True,False,4_different_basin
Split_Lake,Kiskitto_Lake,OK,-1,0.45634,265,0.0139720558882235,0.28900274,0.0733637738225917,500,False,-0.7222222222222222,0.0058862433862433,2026-08-27T12:05:53,Split_Lake,Kiskitto_Lake,0.0449101796407185,False,not_significant,False,False,2_same_subsystem_indirect
Split_Lake,Lake_of_the_Woods,OK,2,0.3278,316,0.2275449101796407,0.26914496,0.0768018594058659,500,True,0.7222222222222222,0.0058862433862433,2026-08-27T12:05:36,Split_Lake,Lake_of_the_Woods,0.3592814371257485,False,not_significant,False,False,3_same_basin_diff_subsystem
Split_Lake,Okanagan_Lake,OK,1,0.32903,317,0.0738522954091816,0.22620498,0.0673530361943661,500,True,0.8888888888888888,0.000242504409171,2026-08-27T11:56:48,Split_Lake,Okanagan_Lake,0.1545745717866592,False,not_significant,False,False,4_different_basin
Split_Lake,Playgreen_Lake,OK,0,0.68541,282,0.0019960079840319,0.25156258,0.0816665764211014,500,True,0.8888888888888888,0.000242504409171,2026-08-27T11:59:26,Split_Lake,Playgreen_Lake,0.0094547746612039,True,unresolved_contemporaneous,True,False,2_same_subsystem_indirect
Split_Lake,Rainy_Lake,OK,-2,0.33885,314,0.1177644710578842,0.24003574,0.0798516271997784,500,True,0.6666666666666666,0.0126653439153439,2026-08-27T12:11:32,Split_Lake,Rainy_Lake,0.2119760479041916,False,not_significant,False,False,3_same_basin_diff_subsystem
Split_Lake,Sipiwesk_Lake,OK,1,0.94265,225,0.0019960079840319,0.37816568,0.0994989012267854,500,True,0.8888888888888888,0.000242504409171,2026-08-27T11:57:57,Split_Lake,Sipiwesk_Lake,0.0094547746612039,True,resolved,True,True,1_direct
Split_Lake,Skaha_Lake,OK,-2,0.09624,294,0.874251497005988,0.1811960199999999,0.0810794666654856,500,False,0.3888888888888889,0.1801807760141093,2026-08-27T11:54:43,Split_Lake,Skaha_Lake,0.914914357331848,False,not_significant,False,False,4_different_basin
Split_Lake,Vaseux_Lake,OK,-12,0.30281,299,0.6766467065868264,0.3437197999999999,0.0767445202080252,500,True,0.7777777777777778,0.0024250440917107,2026-08-27T12:05:50,Split_Lake,Vaseux_Lake,0.7932187572906135,False,not_significant,False,False,4_different_basin
Vaseux_Lake,Kalamalka_Lake,OK,1,0.48647,319,0.0019960079840319,0.2578587199999999,0.0566675051150269,500,True,0.9444444444444444,4.96031746031746e-05,2026-08-27T11:56:38,Vaseux_Lake,Kalamalka_Lake,0.0094547746612039,True,resolved,True,False,2_same_subsystem_indirect
Vaseux_Lake,Kiskitto_Lake,OK,6,0.32224,278,0.0379241516966067,0.21840258,0.052208083913735,500,True,1.0,5.5114638447971785e-06,2026-08-27T12:12:28,Vaseux_Lake,Kiskitto_Lake,0.0875172731460156,False,not_significant,False,False,4_different_basin
Vaseux_Lake,Lake_of_the_Woods,OK,-10,0.14934,323,0.8562874251497006,0.20516552,0.0528342497659387,500,True,0.8333333333333334,0.0008542768959435,2026-08-27T12:20:32,Vaseux_Lake,Lake_of_the_Woods,0.9129975343430786,False,not_significant,False,False,4_different_basin
Vaseux_Lake,Okanagan_Lake,OK,2,0.3272,333,0.0199600798403193,0.21062892,0.0480851433941253,500,True,0.8888888888888888,0.000242504409171,2026-08-27T12:01:16,Vaseux_Lake,Okanagan_Lake,0.0544365813826891,False,not_significant,False,False,2_same_subsystem_indirect
Vaseux_Lake,Playgreen_Lake,OK,5,0.1504,290,0.8542914171656687,0.20268248,0.0510581522173452,500,True,0.9444444444444444,4.96031746031746e-05,2026-08-27T12:13:47,Vaseux_Lake,Playgreen_Lake,0.9129975343430786,False,not_significant,False,False,4_different_basin
Vaseux_Lake,Rainy_Lake,OK,-10,0.1509,323,0.7065868263473054,0.18298466,0.0530696292552001,500,True,0.8333333333333334,0.0008542768959435,2026-08-27T12:01:09,Vaseux_Lake,Rainy_Lake,0.804972333813386,False,not_significant,False,False,4_different_basin
Vaseux_Lake,Sipiwesk_Lake,OK,12,0.2183,231,0.8622754491017964,0.28700528,0.0612997504017887,500,True,1.0,5.5114638447971785e-06,2026-08-27T12:07:44,Vaseux_Lake,Sipiwesk_Lake,0.9129975343430786,False,not_significant,False,False,4_different_basin
Vaseux_Lake,Skaha_Lake,OK,0,0.232,313,0.12375249500998,0.16676556,0.0548265501257046,500,False,-0.8333333333333334,0.0008542768959435,2026-08-27T12:03:41,Vaseux_Lake,Skaha_Lake,0.2141870105941962,False,not_significant,False,True,1_direct
Vaseux_Lake,Split_Lake,OK,11,0.18338,295,0.8303393213572854,0.23374868,0.0558548683559239,500,True,1.0,5.5114638447971785e-06,2026-08-27T11:54:50,Vaseux_Lake,Split_Lake,0.9129975343430786,False,not_significant,False,False,4_different_basin
